monthly_income,credit_score,debt_to_income,employment_months,age,num_late_payments,existing_loans,loan_amount,loan_term_months,has_mortgage,approved,decision,probability_default,risk_level,expected_credit_loss
500.0,731.0,0.177,6.0,18.0,1.0,3.0,925.6,48.0,0.0,1.0,Manual Review,0.5689,Medium,236.97
500.0,693.0,0.041,23.0,55.0,0.0,2.0,352.0,48.0,1.0,1.0,Manual Review,0.5814,Medium,92.09
500.0,624.0,0.276,48.0,25.0,1.0,2.0,433.1,36.0,0.0,0.0,Manual Review,0.5485,Medium,106.9
500.0,568.0,0.094,72.0,36.0,0.0,1.0,443.2,24.0,0.0,1.0,Manual Review,0.5694,Medium,113.57
485.7,675.0,0.412,35.0,30.0,2.0,0.0,295.9,84.0,0.0,1.0,Manual Review,0.5445,Medium,72.5
485.7,651.0,0.516,39.0,38.0,2.0,0.0,865.0,60.0,0.0,1.0,Manual Review,0.5864,Medium,228.27
500.0,691.0,0.634,4.0,44.0,1.0,1.0,307.2,60.0,0.0,0.0,Manual Review,0.5637,Medium,77.92
500.0,670.0,0.272,104.0,30.0,0.0,5.0,201.4,36.0,0.0,1.0,Manual Review,0.5345,Medium,48.45
431.8,703.0,0.161,5.0,33.0,0.0,3.0,2000.0,60.0,1.0,1.0,Rejected,0.621,High,558.88
500.0,577.0,0.302,53.0,49.0,1.0,4.0,422.9,48.0,0.0,0.0,Manual Review,0.5825,Medium,110.85
433.1,725.0,0.247,11.0,54.0,2.0,1.0,56.2,36.0,0.0,1.0,Manual Review,0.5524,Medium,13.97
432.6,635.0,0.277,97.0,43.0,1.0,1.0,1228.1,24.0,0.0,0.0,Rejected,0.6179,High,341.48
500.0,786.0,0.472,45.0,36.0,0.0,2.0,1225.0,36.0,0.0,1.0,Manual Review,0.5966,Medium,328.9
209.8,564.0,0.219,50.0,35.0,1.0,0.0,648.8,24.0,0.0,0.0,Rejected,0.6199,High,180.99
230.5,758.0,0.251,8.0,44.0,0.0,1.0,746.0,120.0,0.0,1.0,Rejected,0.6261,High,210.17
412.2,635.0,0.134,21.0,40.0,1.0,1.0,2000.0,12.0,0.0,0.0,Rejected,0.6316,High,568.4
329.0,567.0,0.258,34.0,18.0,1.0,1.0,208.3,36.0,0.0,0.0,Manual Review,0.5303,Medium,49.71
500.0,581.0,0.576,52.0,44.0,0.0,1.0,500.7,48.0,0.0,1.0,Manual Review,0.5789,Medium,130.43
346.7,594.0,0.175,3.0,27.0,0.0,2.0,2000.0,36.0,1.0,0.0,Rejected,0.6199,High,557.9
269.5,653.0,0.44,118.0,20.0,1.0,3.0,2000.0,48.0,1.0,1.0,Rejected,0.6065,High,545.86
500.0,661.0,0.24,79.0,18.0,2.0,0.0,335.8,24.0,0.0,1.0,Manual Review,0.5317,Medium,80.35
487.7,574.0,0.446,11.0,35.0,0.0,1.0,2000.0,60.0,0.0,0.0,Rejected,0.6256,High,563.04
500.0,618.0,0.418,62.0,25.0,1.0,2.0,855.4,36.0,0.0,0.0,Manual Review,0.559,Medium,215.16
267.8,791.0,0.125,26.0,18.0,2.0,1.0,1488.6,48.0,0.0,1.0,Rejected,0.6138,High,411.14
415.9,758.0,0.414,22.0,33.0,1.0,2.0,833.2,60.0,1.0,0.0,Manual Review,0.5798,Medium,217.39
500.0,654.0,0.086,13.0,32.0,0.0,1.0,574.7,84.0,1.0,1.0,Rejected,0.6547,High,169.31
307.1,623.0,0.102,31.0,36.0,0.0,3.0,2000.0,60.0,0.0,1.0,Rejected,0.6252,High,562.69
500.0,629.0,0.229,47.0,30.0,1.0,3.0,294.9,48.0,0.0,1.0,Manual Review,0.5436,Medium,72.13
404.3,669.0,0.547,19.0,59.0,0.0,2.0,2000.0,36.0,0.0,0.0,Rejected,0.639,High,575.11
471.9,538.0,0.351,35.0,44.0,1.0,0.0,2000.0,48.0,0.0,0.0,Rejected,0.629,High,566.13
404.1,599.0,0.139,43.0,32.0,1.0,1.0,1339.3,60.0,1.0,0.0,Rejected,0.6185,High,372.75
500.0,486.0,0.054,44.0,37.0,0.0,3.0,425.0,84.0,0.0,1.0,Manual Review,0.5684,Medium,108.71
500.0,651.0,0.381,1.0,54.0,0.0,1.0,547.3,24.0,0.0,1.0,Rejected,0.7757,High,191.05
321.7,671.0,0.279,70.0,49.0,0.0,1.0,162.3,36.0,0.0,1.0,Manual Review,0.569,Medium,41.56
500.0,581.0,0.307,22.0,21.0,1.0,1.0,313.4,60.0,0.0,0.0,Manual Review,0.5307,Medium,74.85
296.5,745.0,0.343,10.0,26.0,1.0,2.0,739.5,36.0,0.0,1.0,Manual Review,0.5862,Medium,195.08
500.0,521.0,0.476,9.0,28.0,2.0,2.0,143.7,36.0,0.0,1.0,Manual Review,0.5251,Medium,33.96
204.9,502.0,0.255,23.0,32.0,1.0,3.0,354.6,36.0,0.0,0.0,Manual Review,0.5768,Medium,92.03
281.0,637.0,0.501,78.0,30.0,1.0,1.0,2000.0,48.0,1.0,0.0,Rejected,0.6182,High,556.35
500.0,703.0,0.154,17.0,38.0,1.0,2.0,397.8,120.0,1.0,1.0,Manual Review,0.5667,Medium,101.44
500.0,754.0,0.063,49.0,46.0,2.0,1.0,1029.0,48.0,0.0,1.0,Manual Review,0.5862,Medium,271.45
500.0,583.0,0.448,3.0,48.0,0.0,2.0,708.1,36.0,1.0,0.0,Rejected,0.7817,High,249.08
500.0,706.0,0.11,23.0,34.0,2.0,2.0,351.9,24.0,0.0,1.0,Manual Review,0.5608,Medium,88.81
469.7,616.0,0.3,172.0,18.0,1.0,2.0,397.6,12.0,1.0,0.0,Manual Review,0.5399,Medium,96.6
260.7,606.0,0.536,52.0,25.0,2.0,0.0,514.4,48.0,1.0,0.0,Manual Review,0.5705,Medium,132.06
380.9,690.0,0.067,8.0,31.0,1.0,1.0,87.2,48.0,0.0,1.0,Manual Review,0.5267,Medium,20.67
433.7,672.0,0.337,25.0,23.0,0.0,0.0,960.1,36.0,1.0,1.0,Manual Review,0.5662,Medium,244.64
500.0,493.0,0.062,9.0,51.0,0.0,1.0,409.4,60.0,0.0,0.0,Manual Review,0.5826,Medium,107.33
500.0,738.0,0.267,18.0,23.0,1.0,3.0,987.3,60.0,0.0,1.0,Manual Review,0.5698,Medium,253.17
226.1,730.0,0.015,54.0,45.0,0.0,2.0,614.0,36.0,0.0,1.0,Rejected,0.6175,High,170.61
500.0,569.0,0.093,53.0,18.0,1.0,1.0,395.2,36.0,1.0,0.0,Manual Review,0.5373,Medium,95.55
450.4,651.0,0.162,9.0,45.0,0.0,2.0,527.1,120.0,1.0,1.0,Rejected,0.7123,High,168.96
389.2,659.0,0.056,91.0,36.0,0.0,2.0,528.6,36.0,0.0,1.0,Rejected,0.7658,High,182.16
500.0,640.0,0.363,32.0,56.0,0.0,2.0,1466.1,60.0,0.0,1.0,Rejected,0.632,High,416.93
500.0,575.0,0.326,17.0,24.0,1.0,0.0,473.2,48.0,0.0,0.0,Manual Review,0.554,Medium,117.96
500.0,566.0,0.552,25.0,31.0,2.0,1.0,566.8,60.0,1.0,0.0,Rejected,0.6587,High,168.01
358.9,617.0,0.11,33.0,33.0,0.0,1.0,164.0,60.0,0.0,1.0,Manual Review,0.5443,Medium,40.17
467.8,713.0,0.217,29.0,36.0,0.0,1.0,433.5,60.0,1.0,1.0,Manual Review,0.5711,Medium,111.41
500.0,663.0,0.078,23.0,33.0,1.0,1.0,1440.7,84.0,0.0,1.0,Rejected,0.6105,High,395.82
500.0,590.0,0.177,25.0,34.0,0.0,0.0,634.3,84.0,0.0,1.0,Rejected,0.7797,High,222.56
429.7,681.0,0.595,6.0,33.0,1.0,0.0,189.5,48.0,0.0,0.0,Manual Review,0.5433,Medium,46.33
497.6,392.0,0.397,60.0,18.0,0.0,1.0,206.5,36.0,1.0,1.0,Manual Review,0.519,Medium,48.22
314.0,711.0,0.106,28.0,49.0,2.0,1.0,248.7,36.0,0.0,1.0,Manual Review,0.5809,Medium,65.01
300.2,480.0,0.031,5.0,72.0,1.0,0.0,1001.4,60.0,1.0,1.0,Rejected,0.6498,High,292.82
500.0,591.0,0.028,52.0,41.0,1.0,3.0,907.5,60.0,0.0,1.0,Manual Review,0.5897,Medium,240.83
500.0,530.0,0.368,97.0,24.0,4.0,2.0,28.4,24.0,0.0,0.0,Manual Review,0.5107,Medium,6.53
500.0,516.0,0.159,105.0,25.0,0.0,2.0,421.7,24.0,1.0,1.0,Manual Review,0.5475,Medium,103.9
500.0,712.0,0.738,16.0,45.0,1.0,1.0,506.5,60.0,1.0,0.0,Rejected,0.7491,High,170.75
500.0,582.0,0.244,5.0,42.0,1.0,0.0,208.5,36.0,1.0,0.0,Manual Review,0.5538,Medium,51.96
395.5,647.0,0.171,26.0,34.0,4.0,2.0,329.3,48.0,0.0,0.0,Manual Review,0.5666,Medium,83.96
500.0,616.0,0.081,4.0,47.0,0.0,0.0,1305.4,60.0,0.0,0.0,Rejected,0.6167,High,362.27
500.0,658.0,0.448,97.0,18.0,0.0,1.0,624.2,48.0,0.0,1.0,Manual Review,0.5557,Medium,156.08
500.0,626.0,0.197,7.0,47.0,0.0,1.0,301.8,24.0,0.0,0.0,Manual Review,0.5669,Medium,77.0
500.0,517.0,0.261,10.0,40.0,2.0,2.0,387.5,24.0,1.0,0.0,Manual Review,0.5689,Medium,99.21
147.3,699.0,0.279,18.0,26.0,1.0,1.0,375.1,36.0,0.0,1.0,Rejected,0.6068,High,102.42
500.0,580.0,0.249,17.0,20.0,0.0,0.0,564.0,36.0,0.0,1.0,Manual Review,0.5987,Medium,151.95
500.0,495.0,0.389,56.0,39.0,0.0,2.0,143.4,48.0,0.0,1.0,Manual Review,0.5438,Medium,35.09
470.2,585.0,0.09,21.0,54.0,0.0,0.0,263.4,48.0,0.0,0.0,Manual Review,0.5723,Medium,67.84
500.0,740.0,0.239,6.0,35.0,1.0,2.0,1030.5,36.0,0.0,1.0,Manual Review,0.5823,Medium,270.05
202.1,688.0,0.2,11.0,27.0,0.0,2.0,424.7,24.0,0.0,1.0,Manual Review,0.5726,Medium,109.44
489.2,592.0,0.401,25.0,40.0,0.0,0.0,228.0,24.0,0.0,1.0,Manual Review,0.5554,Medium,56.98
500.0,592.0,0.467,5.0,59.0,1.0,2.0,235.7,120.0,0.0,0.0,Manual Review,0.5752,Medium,61.01
500.0,594.0,0.128,34.0,43.0,1.0,1.0,801.2,48.0,1.0,0.0,Manual Review,0.5752,Medium,207.39
421.3,786.0,0.404,30.0,44.0,1.0,1.0,297.4,84.0,0.0,1.0,Manual Review,0.5677,Medium,75.98
364.4,650.0,0.089,45.0,52.0,1.0,0.0,677.3,60.0,0.0,0.0,Manual Review,0.5997,Medium,182.76
424.8,654.0,0.248,99.0,43.0,2.0,4.0,272.6,48.0,1.0,1.0,Manual Review,0.5646,Medium,69.26
500.0,702.0,0.264,87.0,28.0,1.0,2.0,182.3,60.0,1.0,1.0,Manual Review,0.5291,Medium,43.4
500.0,639.0,0.455,105.0,18.0,1.0,3.0,547.3,24.0,1.0,0.0,Rejected,0.729,High,179.55
418.9,599.0,0.39,10.0,26.0,0.0,2.0,416.4,60.0,1.0,0.0,Manual Review,0.5569,Medium,104.36
500.0,604.0,0.097,5.0,24.0,1.0,3.0,778.6,36.0,0.0,0.0,Rejected,0.6274,High,219.83
500.0,614.0,0.383,12.0,45.0,0.0,2.0,913.0,60.0,0.0,0.0,Manual Review,0.5911,Medium,242.85
500.0,617.0,0.298,81.0,47.0,1.0,0.0,338.0,24.0,0.0,0.0,Manual Review,0.57,Medium,86.69
384.4,678.0,0.59,128.0,40.0,0.0,2.0,595.0,60.0,0.0,1.0,Rejected,0.6466,High,173.13
463.5,624.0,0.176,70.0,22.0,1.0,1.0,329.8,24.0,1.0,0.0,Manual Review,0.5378,Medium,79.81
448.8,678.0,0.214,4.0,59.0,1.0,1.0,747.2,84.0,0.0,1.0,Manual Review,0.5941,Medium,199.76
262.7,613.0,0.62,106.0,33.0,0.0,3.0,542.5,36.0,1.0,1.0,Manual Review,0.5773,Medium,140.94
500.0,626.0,0.487,19.0,45.0,2.0,0.0,273.2,60.0,1.0,0.0,Manual Review,0.5636,Medium,69.29
500.0,460.0,0.096,0.0,38.0,0.0,3.0,255.5,48.0,0.0,0.0,Manual Review,0.5542,Medium,63.71
500.0,693.0,0.25,21.0,40.0,1.0,2.0,558.0,36.0,1.0,1.0,Rejected,0.7579,High,190.3
485.6,647.0,0.341,1.0,44.0,0.0,1.0,1140.5,48.0,0.0,0.0,Manual Review,0.5957,Medium,305.71
269.1,699.0,0.401,28.0,29.0,2.0,2.0,925.6,84.0,0.0,1.0,Rejected,0.6192,High,257.92
442.4,388.0,0.118,14.0,53.0,1.0,2.0,211.7,12.0,1.0,0.0,Manual Review,0.5682,Medium,54.13
460.0,787.0,0.557,23.0,19.0,1.0,2.0,230.2,84.0,0.0,0.0,Manual Review,0.5238,Medium,54.26
365.6,608.0,0.063,34.0,25.0,0.0,0.0,259.1,48.0,1.0,1.0,Manual Review,0.5419,Medium,63.18
500.0,708.0,0.123,73.0,53.0,2.0,1.0,279.3,60.0,0.0,1.0,Manual Review,0.5715,Medium,71.83
500.0,536.0,0.53,39.0,45.0,1.0,0.0,105.2,36.0,0.0,0.0,Manual Review,0.5478,Medium,25.93
500.0,669.0,0.271,20.0,68.0,0.0,1.0,846.8,48.0,1.0,1.0,Rejected,0.6064,High,231.09
500.0,535.0,0.277,61.0,38.0,0.0,3.0,312.5,84.0,0.0,1.0,Manual Review,0.5593,Medium,78.66
500.0,570.0,0.301,84.0,58.0,1.0,1.0,651.4,36.0,0.0,0.0,Rejected,0.8152,High,238.95
500.0,773.0,0.14,4.0,18.0,0.0,3.0,349.6,48.0,0.0,1.0,Manual Review,0.533,Medium,83.86
209.2,604.0,0.074,27.0,21.0,0.0,0.0,441.9,12.0,1.0,0.0,Manual Review,0.5569,Medium,110.74
500.0,637.0,0.329,12.0,48.0,0.0,1.0,260.2,24.0,0.0,0.0,Manual Review,0.5663,Medium,66.31
500.0,689.0,0.36,1.0,18.0,1.0,1.0,440.0,48.0,1.0,1.0,Manual Review,0.5413,Medium,107.18
500.0,659.0,0.31,39.0,35.0,0.0,4.0,224.2,60.0,0.0,1.0,Manual Review,0.5496,Medium,55.44
495.9,632.0,0.18,71.0,52.0,2.0,4.0,442.6,48.0,0.0,0.0,Manual Review,0.586,Medium,116.71
500.0,649.0,0.11,6.0,44.0,2.0,1.0,1444.1,24.0,1.0,0.0,Rejected,0.6184,High,401.87
500.0,812.0,0.227,60.0,38.0,1.0,1.0,682.6,36.0,0.0,1.0,Rejected,0.769,High,236.2
304.4,615.0,0.639,69.0,32.0,2.0,3.0,568.1,36.0,0.0,0.0,Manual Review,0.5822,Medium,148.84
500.0,636.0,0.243,88.0,40.0,1.0,1.0,156.6,48.0,1.0,0.0,Manual Review,0.548,Medium,38.62
500.0,704.0,0.216,11.0,44.0,0.0,1.0,708.6,84.0,1.0,1.0,Rejected,0.778,High,248.07
500.0,708.0,0.249,84.0,30.0,0.0,2.0,765.9,60.0,0.0,1.0,Rejected,0.7864,High,271.03
346.5,714.0,0.237,13.0,42.0,2.0,1.0,557.8,24.0,0.0,0.0,Manual Review,0.5754,Medium,144.43
500.0,671.0,0.532,28.0,50.0,1.0,2.0,534.3,84.0,1.0,1.0,Rejected,0.7705,High,185.27
270.9,528.0,0.39,1.0,35.0,0.0,0.0,402.3,48.0,1.0,0.0,Rejected,0.7945,High,143.83
500.0,750.0,0.17,1.0,38.0,0.0,1.0,756.7,60.0,1.0,1.0,Rejected,0.7983,High,271.82
500.0,528.0,0.204,45.0,43.0,0.0,1.0,1376.2,24.0,0.0,1.0,Rejected,0.6171,High,382.15
332.7,644.0,0.255,21.0,44.0,0.0,0.0,586.3,60.0,1.0,0.0,Manual Review,0.5898,Medium,155.6
411.3,559.0,0.289,10.0,48.0,0.0,1.0,206.9,36.0,0.0,0.0,Manual Review,0.5658,Medium,52.67
500.0,614.0,0.141,7.0,25.0,2.0,1.0,219.9,36.0,0.0,0.0,Manual Review,0.5286,Medium,52.31
424.5,646.0,0.188,39.0,31.0,0.0,0.0,804.7,12.0,0.0,1.0,Manual Review,0.5825,Medium,210.92
251.5,645.0,0.565,0.0,32.0,0.0,3.0,208.2,24.0,0.0,0.0,Manual Review,0.5608,Medium,52.54
500.0,653.0,0.544,59.0,27.0,1.0,2.0,528.6,24.0,0.0,1.0,Rejected,0.7348,High,174.79
321.0,749.0,0.207,2.0,18.0,0.0,2.0,341.4,36.0,0.0,1.0,Rejected,0.7247,High,111.33
500.0,656.0,0.194,7.0,18.0,2.0,2.0,190.9,24.0,0.0,1.0,Manual Review,0.5173,Medium,44.43
344.8,600.0,0.392,17.0,52.0,0.0,1.0,875.9,60.0,0.0,0.0,Rejected,0.6226,High,245.42
500.0,697.0,0.055,23.0,19.0,0.0,2.0,792.2,12.0,0.0,1.0,Rejected,0.6348,High,226.29
369.1,715.0,0.513,15.0,56.0,1.0,2.0,152.2,48.0,0.0,0.0,Manual Review,0.5701,Medium,39.04
464.8,521.0,0.168,13.0,46.0,0.0,3.0,661.6,24.0,0.0,0.0,Rejected,0.7786,High,231.82
500.0,667.0,0.35,119.0,33.0,1.0,1.0,588.5,84.0,0.0,1.0,Manual Review,0.5997,Medium,158.81
295.1,676.0,0.065,36.0,45.0,0.0,3.0,879.5,84.0,0.0,1.0,Rejected,0.6221,High,246.21
500.0,596.0,0.399,0.0,43.0,0.0,1.0,514.3,36.0,0.0,0.0,Rejected,0.7319,High,169.39
500.0,730.0,0.36,20.0,24.0,1.0,2.0,1409.4,48.0,1.0,1.0,Rejected,0.6068,High,384.86
244.4,607.0,0.337,74.0,37.0,0.0,1.0,406.7,12.0,1.0,1.0,Manual Review,0.5739,Medium,105.03
500.0,630.0,0.126,12.0,26.0,0.0,0.0,362.0,84.0,1.0,0.0,Manual Review,0.5452,Medium,88.82
500.0,606.0,0.187,3.0,45.0,0.0,2.0,206.4,48.0,0.0,0.0,Manual Review,0.5576,Medium,51.79
500.0,621.0,0.309,51.0,29.0,1.0,2.0,213.2,12.0,0.0,0.0,Manual Review,0.5327,Medium,51.11
294.2,532.0,0.161,33.0,36.0,0.0,0.0,198.3,36.0,0.0,1.0,Manual Review,0.561,Medium,50.06
282.1,504.0,0.156,30.0,36.0,2.0,3.0,536.0,24.0,1.0,1.0,Manual Review,0.5888,Medium,142.03
500.0,747.0,0.489,1.0,39.0,1.0,0.0,362.9,36.0,0.0,0.0,Manual Review,0.5641,Medium,92.12
500.0,552.0,0.041,5.0,57.0,2.0,0.0,586.4,60.0,0.0,0.0,Rejected,0.7239,High,191.03
500.0,540.0,0.501,35.0,35.0,1.0,2.0,171.1,48.0,0.0,1.0,Manual Review,0.5444,Medium,41.91
500.0,447.0,0.125,8.0,52.0,4.0,4.0,227.0,36.0,0.0,0.0,Manual Review,0.5679,Medium,58.01
388.6,568.0,0.378,25.0,43.0,0.0,1.0,223.9,24.0,1.0,1.0,Manual Review,0.5619,Medium,56.61
500.0,514.0,0.322,28.0,55.0,0.0,3.0,2000.0,36.0,1.0,1.0,Rejected,0.6359,High,572.3
500.0,751.0,0.121,12.0,33.0,0.0,3.0,394.2,24.0,1.0,1.0,Manual Review,0.559,Medium,99.16
382.0,700.0,0.165,106.0,46.0,0.0,2.0,426.8,60.0,0.0,1.0,Rejected,0.7664,High,147.2
500.0,564.0,0.421,66.0,37.0,1.0,1.0,423.0,24.0,1.0,0.0,Manual Review,0.5683,Medium,108.17
500.0,800.0,0.223,46.0,18.0,0.0,3.0,1558.8,48.0,0.0,1.0,Rejected,0.6049,High,424.29
300.9,698.0,0.748,2.0,24.0,2.0,4.0,123.8,36.0,1.0,0.0,Manual Review,0.5298,Medium,29.51
500.0,594.0,0.177,4.0,44.0,0.0,2.0,429.0,36.0,0.0,0.0,Manual Review,0.5736,Medium,110.73
335.4,420.0,0.169,24.0,44.0,0.0,2.0,122.9,48.0,0.0,0.0,Manual Review,0.5529,Medium,30.58
500.0,803.0,0.101,6.0,22.0,1.0,3.0,67.1,48.0,0.0,1.0,Manual Review,0.5086,Medium,15.36
500.0,508.0,0.155,137.0,40.0,1.0,0.0,250.1,36.0,0.0,0.0,Manual Review,0.5569,Medium,62.68
362.2,488.0,0.252,6.0,44.0,0.0,1.0,625.9,48.0,1.0,0.0,Manual Review,0.5865,Medium,165.19
500.0,701.0,0.699,24.0,37.0,1.0,1.0,237.7,48.0,1.0,0.0,Manual Review,0.5519,Medium,59.04
500.0,815.0,0.163,16.0,46.0,0.0,1.0,617.7,36.0,0.0,1.0,Rejected,0.6049,High,168.15
500.0,730.0,0.036,36.0,45.0,0.0,2.0,490.1,48.0,0.0,1.0,Manual Review,0.5809,Medium,128.12
500.0,665.0,0.187,4.0,37.0,1.0,4.0,402.7,60.0,0.0,1.0,Manual Review,0.5666,Medium,102.68
482.9,667.0,0.28,20.0,31.0,0.0,2.0,1238.2,12.0,1.0,1.0,Rejected,0.6072,High,338.33
374.5,688.0,0.504,11.0,50.0,0.0,2.0,279.4,48.0,0.0,0.0,Manual Review,0.5795,Medium,72.86
350.0,680.0,0.291,78.0,43.0,0.0,0.0,610.3,24.0,0.0,0.0,Manual Review,0.5886,Medium,161.66
363.1,642.0,0.214,1.0,21.0,2.0,4.0,106.4,24.0,0.0,1.0,Manual Review,0.5144,Medium,24.63
500.0,628.0,0.174,88.0,40.0,1.0,2.0,487.1,48.0,0.0,0.0,Manual Review,0.5767,Medium,126.41
500.0,614.0,0.399,64.0,24.0,0.0,1.0,366.4,84.0,1.0,1.0,Manual Review,0.5446,Medium,89.8
500.0,559.0,0.266,12.0,26.0,0.0,0.0,174.8,84.0,0.0,0.0,Manual Review,0.5272,Medium,41.47
500.0,597.0,0.402,56.0,30.0,0.0,2.0,619.1,24.0,0.0,1.0,Manual Review,0.5693,Medium,158.6
500.0,484.0,0.105,1.0,38.0,0.0,4.0,249.2,36.0,1.0,0.0,Manual Review,0.5536,Medium,62.08
500.0,612.0,0.19,122.0,42.0,1.0,0.0,1799.4,48.0,0.0,0.0,Rejected,0.6272,High,507.88
478.3,540.0,0.355,26.0,33.0,1.0,0.0,64.2,24.0,0.0,0.0,Manual Review,0.5276,Medium,15.24
500.0,531.0,0.079,13.0,33.0,2.0,2.0,549.0,60.0,0.0,0.0,Rejected,0.7473,High,184.63
500.0,634.0,0.124,16.0,31.0,0.0,0.0,465.7,60.0,0.0,0.0,Manual Review,0.559,Medium,117.14
355.7,731.0,0.241,2.0,50.0,0.0,1.0,359.5,84.0,0.0,1.0,Rejected,0.756,High,122.3
319.6,693.0,0.469,163.0,18.0,0.0,2.0,294.7,12.0,1.0,1.0,Manual Review,0.5436,Medium,72.09
500.0,494.0,0.549,1.0,34.0,0.0,1.0,475.5,36.0,1.0,0.0,Manual Review,0.5711,Medium,122.2
488.3,540.0,0.132,38.0,56.0,1.0,1.0,1052.8,60.0,1.0,0.0,Manual Review,0.597,Medium,282.81
500.0,695.0,0.299,21.0,44.0,0.0,0.0,118.1,60.0,1.0,1.0,Manual Review,0.5461,Medium,29.02
500.0,541.0,0.515,107.0,53.0,2.0,0.0,236.2,84.0,0.0,0.0,Manual Review,0.5677,Medium,60.34
500.0,602.0,0.401,10.0,18.0,1.0,0.0,194.3,24.0,0.0,0.0,Manual Review,0.5176,Medium,45.26
357.5,664.0,0.284,27.0,23.0,0.0,0.0,187.1,48.0,0.0,1.0,Manual Review,0.5321,Medium,44.8
256.0,542.0,0.318,23.0,44.0,0.0,2.0,592.1,48.0,1.0,0.0,Manual Review,0.5955,Medium,158.66
436.7,628.0,0.138,43.0,56.0,2.0,5.0,721.2,12.0,0.0,0.0,Manual Review,0.592,Medium,192.14
500.0,513.0,0.201,2.0,24.0,1.0,2.0,1055.2,48.0,0.0,0.0,Manual Review,0.5669,Medium,269.18
500.0,571.0,0.242,7.0,33.0,1.0,1.0,730.3,48.0,0.0,0.0,Rejected,0.7878,High,258.89
292.9,645.0,0.23,8.0,42.0,0.0,4.0,779.3,24.0,0.0,0.0,Rejected,0.6163,High,216.12
500.0,492.0,0.216,48.0,20.0,2.0,0.0,145.5,36.0,0.0,0.0,Manual Review,0.5134,Medium,33.62
500.0,655.0,0.123,7.0,44.0,0.0,1.0,1474.8,48.0,1.0,1.0,Rejected,0.6214,High,412.39
351.0,618.0,0.516,30.0,18.0,0.0,0.0,380.6,48.0,0.0,1.0,Rejected,0.7289,High,124.85
500.0,664.0,0.262,8.0,43.0,0.0,2.0,1028.5,84.0,1.0,1.0,Manual Review,0.5852,Medium,270.85
500.0,637.0,0.231,71.0,26.0,2.0,0.0,149.7,36.0,0.0,0.0,Manual Review,0.5246,Medium,35.34
308.3,729.0,0.096,102.0,32.0,0.0,0.0,371.0,36.0,1.0,0.0,Manual Review,0.5792,Medium,96.7
500.0,630.0,0.34,26.0,45.0,1.0,4.0,957.0,120.0,1.0,0.0,Manual Review,0.5928,Medium,255.31
500.0,585.0,0.157,15.0,43.0,1.0,3.0,460.3,84.0,1.0,0.0,Manual Review,0.5756,Medium,119.23
500.0,629.0,0.162,9.0,37.0,1.0,2.0,246.2,12.0,0.0,0.0,Manual Review,0.5527,Medium,61.24
500.0,663.0,0.195,1.0,49.0,2.0,3.0,1283.4,60.0,0.0,1.0,Rejected,0.6193,High,357.69
274.2,623.0,0.389,11.0,18.0,2.0,1.0,176.3,24.0,0.0,0.0,Manual Review,0.5309,Medium,42.12
341.6,623.0,0.324,38.0,40.0,0.0,1.0,442.8,12.0,0.0,1.0,Rejected,0.7901,High,157.43
500.0,563.0,0.057,27.0,28.0,0.0,0.0,751.1,36.0,0.0,1.0,Rejected,0.7824,High,264.44
500.0,566.0,0.507,103.0,49.0,1.0,0.0,2000.0,36.0,1.0,0.0,Rejected,0.6294,High,566.5
500.0,507.0,0.304,18.0,46.0,1.0,1.0,311.9,60.0,0.0,0.0,Manual Review,0.5674,Medium,79.64
500.0,759.0,0.297,42.0,46.0,1.0,1.0,360.8,60.0,0.0,1.0,Manual Review,0.5714,Medium,92.78
500.0,520.0,0.137,24.0,57.0,0.0,0.0,315.4,120.0,0.0,0.0,Manual Review,0.5803,Medium,82.36
500.0,564.0,0.449,25.0,51.0,1.0,1.0,544.7,60.0,1.0,0.0,Rejected,0.775,High,189.97
500.0,562.0,0.252,11.0,36.0,0.0,2.0,720.4,36.0,1.0,0.0,Rejected,0.7932,High,257.13
500.0,691.0,0.17,21.0,37.0,0.0,0.0,1079.3,60.0,0.0,1.0,Manual Review,0.585,Medium,284.15
466.4,596.0,0.08,22.0,45.0,0.0,2.0,824.1,120.0,0.0,0.0,Manual Review,0.5899,Medium,218.77
500.0,719.0,0.233,44.0,39.0,2.0,1.0,302.3,60.0,1.0,1.0,Manual Review,0.5588,Medium,76.02
371.0,566.0,0.484,101.0,46.0,2.0,2.0,862.8,60.0,0.0,0.0,Manual Review,0.5961,Medium,231.43
485.0,642.0,0.169,14.0,18.0,2.0,1.0,484.3,84.0,0.0,0.0,Manual Review,0.5465,Medium,119.1
428.3,553.0,0.075,1.0,60.0,0.0,2.0,817.0,24.0,1.0,0.0,Rejected,0.6067,High,223.06
500.0,791.0,0.185,24.0,38.0,0.0,0.0,855.2,60.0,1.0,1.0,Manual Review,0.5773,Medium,222.17
500.0,524.0,0.168,28.0,18.0,0.0,1.0,1658.3,84.0,0.0,1.0,Rejected,0.6088,High,454.28
214.6,644.0,0.276,6.0,27.0,1.0,1.0,338.9,120.0,0.0,0.0,Rejected,0.6419,High,97.9
500.0,670.0,0.131,51.0,18.0,2.0,4.0,290.9,36.0,0.0,1.0,Manual Review,0.5273,Medium,69.03
243.8,653.0,0.154,151.0,24.0,1.0,1.0,643.7,48.0,0.0,1.0,Rejected,0.6051,High,175.27
431.2,605.0,0.09,104.0,36.0,0.0,2.0,1159.2,60.0,0.0,1.0,Rejected,0.614,High,320.31
500.0,609.0,0.347,7.0,56.0,1.0,1.0,471.5,36.0,0.0,1.0,Manual Review,0.5909,Medium,125.38
500.0,623.0,0.165,74.0,42.0,0.0,1.0,1221.2,48.0,0.0,1.0,Manual Review,0.5989,Medium,329.13
318.5,608.0,0.145,43.0,40.0,2.0,1.0,781.7,36.0,0.0,0.0,Rejected,0.6017,High,211.67
381.8,697.0,0.451,21.0,24.0,2.0,3.0,383.2,36.0,0.0,0.0,Manual Review,0.5566,Medium,95.98
500.0,796.0,0.529,28.0,28.0,0.0,1.0,706.3,36.0,0.0,1.0,Rejected,0.7495,High,238.23
378.9,575.0,0.377,68.0,29.0,1.0,1.0,317.8,48.0,0.0,0.0,Manual Review,0.552,Medium,78.94
500.0,510.0,0.498,23.0,29.0,0.0,0.0,544.7,36.0,0.0,0.0,Rejected,0.7403,High,181.47
500.0,612.0,0.423,16.0,33.0,1.0,1.0,190.7,48.0,0.0,0.0,Manual Review,0.5402,Medium,46.35
394.2,826.0,0.217,24.0,34.0,0.0,1.0,426.2,36.0,0.0,1.0,Rejected,0.7548,High,144.77
500.0,555.0,0.105,31.0,33.0,0.0,2.0,1001.4,24.0,1.0,1.0,Manual Review,0.5797,Medium,261.22
500.0,751.0,0.177,7.0,29.0,0.0,2.0,831.4,12.0,0.0,1.0,Manual Review,0.5613,Medium,210.0
198.3,754.0,0.156,83.0,39.0,1.0,1.0,739.6,24.0,1.0,1.0,Rejected,0.6276,High,208.87
500.0,575.0,0.358,40.0,34.0,2.0,3.0,566.5,48.0,0.0,0.0,Rejected,0.6699,High,170.77
392.2,665.0,0.238,36.0,18.0,3.0,0.0,511.5,60.0,0.0,1.0,Rejected,0.7608,High,175.12
500.0,750.0,0.044,3.0,38.0,3.0,0.0,163.3,24.0,0.0,1.0,Manual Review,0.5453,Medium,40.07
367.4,589.0,0.177,33.0,36.0,1.0,1.0,381.7,24.0,0.0,0.0,Rejected,0.7507,High,128.94
500.0,603.0,0.081,4.0,19.0,0.0,3.0,520.9,60.0,1.0,1.0,Rejected,0.7237,High,169.64
500.0,573.0,0.233,2.0,30.0,0.0,1.0,183.1,36.0,1.0,0.0,Manual Review,0.5327,Medium,43.89
500.0,538.0,0.456,26.0,45.0,1.0,4.0,110.8,120.0,1.0,0.0,Manual Review,0.5484,Medium,27.34
299.6,568.0,0.111,18.0,24.0,2.0,0.0,1110.4,60.0,0.0,0.0,Rejected,0.6176,High,308.62
461.9,522.0,0.524,31.0,23.0,1.0,1.0,468.8,36.0,0.0,0.0,Rejected,0.7158,High,151.01
430.6,622.0,0.249,3.0,34.0,0.0,2.0,532.4,36.0,0.0,0.0,Manual Review,0.5809,Medium,139.16
393.8,558.0,0.358,20.0,45.0,2.0,0.0,702.0,48.0,0.0,0.0,Manual Review,0.5904,Medium,186.49
500.0,638.0,0.141,6.0,59.0,1.0,0.0,205.1,24.0,0.0,0.0,Manual Review,0.5725,Medium,52.84
500.0,495.0,0.256,156.0,45.0,0.0,0.0,325.9,24.0,1.0,1.0,Manual Review,0.5682,Medium,83.32
290.7,646.0,0.524,29.0,51.0,1.0,0.0,1499.2,24.0,1.0,0.0,Rejected,0.6311,High,425.76
500.0,686.0,0.482,41.0,42.0,0.0,0.0,304.5,60.0,0.0,1.0,Manual Review,0.5625,Medium,77.08
500.0,460.0,0.264,14.0,29.0,1.0,1.0,363.9,48.0,0.0,0.0,Manual Review,0.5469,Medium,89.55
500.0,649.0,0.224,3.0,45.0,0.0,2.0,263.4,12.0,0.0,0.0,Manual Review,0.5627,Medium,66.7
255.4,718.0,0.276,134.0,36.0,1.0,3.0,248.8,60.0,0.0,1.0,Manual Review,0.5734,Medium,64.2
428.6,523.0,0.321,12.0,42.0,2.0,3.0,1089.9,36.0,0.0,0.0,Rejected,0.6149,High,301.57
500.0,753.0,0.557,19.0,26.0,2.0,3.0,62.1,48.0,1.0,0.0,Manual Review,0.5155,Medium,14.4
383.3,653.0,0.162,37.0,43.0,0.0,2.0,312.3,36.0,0.0,1.0,Manual Review,0.5718,Medium,80.36
500.0,563.0,0.155,0.0,36.0,1.0,1.0,539.0,48.0,0.0,0.0,Rejected,0.7553,High,183.2
500.0,615.0,0.21,59.0,40.0,2.0,2.0,1749.1,120.0,0.0,0.0,Rejected,0.6291,High,495.13
343.5,664.0,0.107,27.0,36.0,2.0,1.0,181.5,24.0,0.0,1.0,Manual Review,0.5543,Medium,45.27
500.0,626.0,0.364,11.0,34.0,1.0,1.0,158.4,36.0,1.0,0.0,Manual Review,0.5425,Medium,38.67
108.0,663.0,0.07,2.0,43.0,3.0,1.0,226.2,36.0,0.0,1.0,Manual Review,0.5845,Medium,59.49
327.1,546.0,0.575,6.0,33.0,1.0,2.0,789.0,36.0,1.0,0.0,Manual Review,0.591,Medium,209.82
481.2,633.0,0.282,81.0,18.0,0.0,1.0,497.5,36.0,0.0,1.0,Rejected,0.6954,High,155.67
292.6,506.0,0.379,41.0,18.0,2.0,0.0,141.9,60.0,1.0,0.0,Manual Review,0.5231,Medium,33.4
500.0,611.0,0.046,10.0,40.0,0.0,0.0,487.4,84.0,0.0,0.0,Manual Review,0.5767,Medium,126.5
267.1,547.0,0.391,2.0,32.0,1.0,2.0,1557.1,36.0,0.0,0.0,Rejected,0.6203,High,434.67
438.2,561.0,0.326,42.0,18.0,1.0,0.0,556.1,48.0,1.0,0.0,Rejected,0.757,High,189.43
500.0,718.0,0.345,30.0,39.0,2.0,1.0,513.4,48.0,1.0,1.0,Rejected,0.7283,High,168.26
500.0,707.0,0.237,18.0,36.0,1.0,1.0,538.7,48.0,1.0,1.0,Rejected,0.7553,High,183.1
266.3,668.0,0.424,16.0,32.0,1.0,2.0,627.1,36.0,0.0,0.0,Manual Review,0.5851,Medium,165.11
500.0,532.0,0.129,8.0,40.0,0.0,3.0,163.3,24.0,1.0,0.0,Manual Review,0.5487,Medium,40.32
500.0,594.0,0.33,39.0,53.0,1.0,1.0,373.9,48.0,1.0,0.0,Manual Review,0.5793,Medium,97.47
334.2,717.0,0.067,127.0,53.0,4.0,1.0,389.8,36.0,0.0,1.0,Rejected,0.7212,High,126.5
500.0,631.0,0.106,6.0,39.0,1.0,0.0,305.7,60.0,1.0,0.0,Manual Review,0.5591,Medium,76.92
500.0,805.0,0.536,32.0,36.0,0.0,4.0,779.3,60.0,0.0,1.0,Rejected,0.7516,High,263.58
404.4,651.0,0.16,19.0,39.0,1.0,0.0,271.0,24.0,0.0,1.0,Manual Review,0.5619,Medium,68.53
500.0,635.0,0.123,21.0,41.0,1.0,2.0,337.5,24.0,0.0,0.0,Manual Review,0.565,Medium,85.82
450.3,595.0,0.31,10.0,34.0,2.0,0.0,164.2,84.0,1.0,0.0,Manual Review,0.545,Medium,40.27
500.0,630.0,0.501,62.0,40.0,2.0,0.0,609.2,48.0,0.0,0.0,Manual Review,0.5894,Medium,161.59
500.0,607.0,0.193,23.0,19.0,0.0,4.0,956.2,84.0,0.0,0.0,Manual Review,0.573,Medium,246.57
500.0,676.0,0.68,28.0,38.0,1.0,4.0,337.2,24.0,0.0,1.0,Manual Review,0.5615,Medium,85.2
294.0,696.0,0.166,13.0,43.0,0.0,4.0,858.6,48.0,0.0,1.0,Rejected,0.6212,High,240.01
500.0,557.0,0.445,7.0,32.0,1.0,1.0,400.2,48.0,0.0,0.0,Manual Review,0.559,Medium,100.67
205.7,513.0,0.287,3.0,36.0,3.0,3.0,59.6,84.0,0.0,0.0,Manual Review,0.5432,Medium,14.57
500.0,473.0,0.205,45.0,24.0,0.0,3.0,431.9,24.0,1.0,1.0,Manual Review,0.5505,Medium,106.99
500.0,660.0,0.357,7.0,22.0,0.0,0.0,391.1,36.0,1.0,1.0,Manual Review,0.5409,Medium,95.2
500.0,531.0,0.087,42.0,40.0,1.0,0.0,488.7,36.0,1.0,0.0,Manual Review,0.5768,Medium,126.85
399.9,447.0,0.238,17.0,29.0,0.0,3.0,551.1,84.0,1.0,0.0,Rejected,0.7515,High,186.37
492.0,651.0,0.213,19.0,18.0,1.0,1.0,260.4,84.0,0.0,1.0,Manual Review,0.5248,Medium,61.49
426.7,819.0,0.338,22.0,24.0,0.0,4.0,1460.4,120.0,0.0,1.0,Rejected,0.6164,High,405.05
406.6,619.0,0.291,16.0,26.0,1.0,2.0,426.9,120.0,0.0,0.0,Rejected,0.7343,High,141.07
500.0,687.0,0.348,3.0,47.0,0.0,0.0,383.6,12.0,0.0,1.0,Manual Review,0.5737,Medium,99.02
500.0,626.0,0.422,13.0,40.0,0.0,0.0,816.5,12.0,1.0,0.0,Manual Review,0.5756,Medium,211.49
386.1,612.0,0.242,39.0,27.0,1.0,1.0,456.8,24.0,0.0,0.0,Manual Review,0.5705,Medium,117.28
500.0,693.0,0.302,39.0,30.0,0.0,1.0,2000.0,36.0,1.0,1.0,Rejected,0.6207,High,558.65
500.0,596.0,0.569,12.0,53.0,1.0,1.0,380.5,60.0,0.0,0.0,Manual Review,0.5798,Medium,99.28
500.0,641.0,0.294,22.0,49.0,1.0,1.0,596.4,84.0,1.0,0.0,Rejected,0.6073,High,162.99
500.0,645.0,0.237,7.0,24.0,3.0,0.0,247.2,24.0,0.0,0.0,Manual Review,0.5333,Medium,59.33
360.7,566.0,0.435,8.0,51.0,0.0,1.0,903.1,48.0,0.0,0.0,Rejected,0.6023,High,244.78
412.6,699.0,0.248,0.0,37.0,1.0,1.0,576.2,84.0,1.0,1.0,Rejected,0.7672,High,198.93
500.0,606.0,0.592,81.0,47.0,2.0,2.0,343.2,48.0,0.0,0.0,Manual Review,0.5704,Medium,88.09
500.0,559.0,0.494,8.0,36.0,0.0,0.0,224.0,24.0,1.0,0.0,Manual Review,0.5501,Medium,55.45
500.0,662.0,0.193,9.0,52.0,2.0,3.0,157.9,48.0,0.0,1.0,Manual Review,0.5615,Medium,39.9
500.0,548.0,0.216,11.0,24.0,0.0,3.0,629.2,36.0,0.0,0.0,Rejected,0.7507,High,212.55
500.0,622.0,0.455,4.0,34.0,0.0,0.0,148.4,48.0,1.0,0.0,Manual Review,0.5415,Medium,36.16
406.2,619.0,0.432,36.0,52.0,0.0,2.0,1282.1,36.0,0.0,1.0,Rejected,0.6298,High,363.38
500.0,706.0,0.473,2.0,18.0,0.0,5.0,163.9,12.0,1.0,0.0,Manual Review,0.5145,Medium,37.94
493.5,657.0,0.254,5.0,37.0,2.0,2.0,390.2,120.0,0.0,1.0,Manual Review,0.566,Medium,99.38
489.7,617.0,0.286,37.0,33.0,1.0,0.0,222.3,48.0,0.0,0.0,Manual Review,0.5437,Medium,54.39
500.0,685.0,0.232,14.0,46.0,0.0,3.0,462.0,48.0,0.0,1.0,Manual Review,0.5792,Medium,120.42
500.0,731.0,0.233,44.0,50.0,0.0,0.0,459.7,120.0,0.0,1.0,Manual Review,0.5858,Medium,121.17
500.0,664.0,0.17,29.0,46.0,0.0,1.0,642.4,24.0,0.0,0.0,Rejected,0.797,High,230.4
500.0,620.0,0.492,10.0,40.0,1.0,2.0,132.7,24.0,0.0,0.0,Manual Review,0.5457,Medium,32.58
500.0,515.0,0.332,37.0,38.0,1.0,0.0,244.3,60.0,0.0,0.0,Manual Review,0.5531,Medium,60.81
500.0,534.0,0.343,4.0,33.0,1.0,1.0,978.4,36.0,0.0,0.0,Manual Review,0.5791,Medium,254.96
467.5,595.0,0.473,27.0,40.0,0.0,2.0,762.3,60.0,0.0,1.0,Manual Review,0.5756,Medium,197.45
500.0,571.0,0.058,20.0,55.0,0.0,1.0,60.9,36.0,0.0,0.0,Manual Review,0.555,Medium,15.21
500.0,605.0,0.334,11.0,28.0,0.0,0.0,608.6,12.0,0.0,0.0,Manual Review,0.5627,Medium,154.12
500.0,624.0,0.506,33.0,33.0,0.0,1.0,197.1,48.0,0.0,1.0,Manual Review,0.5408,Medium,47.97
500.0,662.0,0.109,73.0,37.0,2.0,3.0,280.3,24.0,0.0,1.0,Manual Review,0.5559,Medium,70.12
362.7,614.0,0.476,240.0,50.0,1.0,3.0,375.2,60.0,0.0,0.0,Rejected,0.743,High,125.44
500.0,658.0,0.335,33.0,40.0,0.0,0.0,1564.5,48.0,0.0,1.0,Rejected,0.6246,High,439.76
330.2,625.0,0.311,18.0,49.0,4.0,5.0,195.4,84.0,1.0,0.0,Manual Review,0.5727,Medium,50.36
297.5,461.0,0.316,9.0,50.0,0.0,4.0,146.4,60.0,1.0,0.0,Manual Review,0.569,Medium,37.48
500.0,544.0,0.134,10.0,45.0,0.0,2.0,645.3,24.0,0.0,0.0,Rejected,0.7969,High,231.42
500.0,608.0,0.043,23.0,25.0,0.0,0.0,440.1,60.0,0.0,0.0,Manual Review,0.5491,Medium,108.75
500.0,523.0,0.44,16.0,57.0,0.0,1.0,1182.1,48.0,1.0,0.0,Rejected,0.6102,High,324.57
500.0,667.0,0.12,88.0,54.0,1.0,0.0,339.4,60.0,0.0,1.0,Manual Review,0.5772,Medium,88.16
500.0,742.0,0.2,16.0,38.0,3.0,1.0,1185.7,60.0,1.0,1.0,Manual Review,0.5982,Medium,319.2
348.6,717.0,0.701,16.0,21.0,0.0,1.0,456.0,48.0,1.0,0.0,Rejected,0.7617,High,156.31
500.0,602.0,0.282,17.0,19.0,1.0,3.0,687.3,48.0,0.0,0.0,Rejected,0.7432,High,229.85
389.2,739.0,0.349,65.0,41.0,0.0,1.0,1650.1,48.0,0.0,1.0,Rejected,0.6288,High,466.88
500.0,631.0,0.183,37.0,29.0,0.0,0.0,393.7,36.0,1.0,1.0,Manual Review,0.5495,Medium,97.35
500.0,593.0,0.502,34.0,18.0,0.0,1.0,1038.1,24.0,1.0,1.0,Manual Review,0.5625,Medium,262.79
361.3,570.0,0.062,14.0,19.0,1.0,2.0,275.5,48.0,0.0,0.0,Manual Review,0.5367,Medium,66.54
464.9,595.0,0.435,61.0,32.0,1.0,0.0,539.9,36.0,0.0,0.0,Rejected,0.6502,High,157.96
500.0,588.0,0.092,1.0,40.0,0.0,2.0,141.7,24.0,0.0,0.0,Manual Review,0.5465,Medium,34.85
411.9,633.0,0.626,73.0,54.0,0.0,0.0,300.7,12.0,0.0,1.0,Manual Review,0.5795,Medium,78.41
361.9,632.0,0.377,25.0,43.0,0.0,1.0,193.1,48.0,1.0,1.0,Manual Review,0.56,Medium,48.66
500.0,620.0,0.127,18.0,33.0,0.0,1.0,1195.2,36.0,1.0,0.0,Manual Review,0.5905,Medium,317.59
500.0,654.0,0.274,24.0,42.0,2.0,3.0,1808.9,60.0,0.0,1.0,Rejected,0.6273,High,510.62
423.7,715.0,0.383,39.0,41.0,0.0,1.0,338.9,36.0,1.0,1.0,Manual Review,0.5704,Medium,86.99
431.4,695.0,0.178,0.0,46.0,1.0,1.0,242.5,48.0,0.0,1.0,Manual Review,0.5649,Medium,61.65
500.0,501.0,0.216,73.0,37.0,1.0,2.0,157.3,36.0,0.0,0.0,Manual Review,0.5441,Medium,38.52
264.7,415.0,0.521,21.0,50.0,1.0,4.0,556.2,60.0,0.0,0.0,Manual Review,0.5893,Medium,147.49
270.1,694.0,0.279,15.0,47.0,1.0,2.0,278.0,36.0,0.0,1.0,Rejected,0.7391,High,92.46
381.2,510.0,0.485,5.0,38.0,1.0,1.0,290.2,120.0,0.0,0.0,Manual Review,0.5655,Medium,73.85
490.7,602.0,0.348,20.0,36.0,0.0,1.0,1657.6,84.0,0.0,0.0,Rejected,0.6237,High,465.22
500.0,526.0,0.378,24.0,49.0,2.0,0.0,355.1,60.0,1.0,0.0,Manual Review,0.5772,Medium,92.23
500.0,475.0,0.455,18.0,29.0,0.0,2.0,719.6,84.0,1.0,0.0,Rejected,0.7783,High,252.04
500.0,663.0,0.565,40.0,19.0,0.0,2.0,469.6,36.0,0.0,1.0,Manual Review,0.5443,Medium,115.01
500.0,680.0,0.135,19.0,19.0,1.0,2.0,152.2,48.0,0.0,1.0,Manual Review,0.5137,Medium,35.18
500.0,573.0,0.419,117.0,28.0,2.0,1.0,102.9,60.0,0.0,0.0,Manual Review,0.5209,Medium,24.12
330.7,412.0,0.628,32.0,45.0,1.0,2.0,664.8,60.0,1.0,0.0,Manual Review,0.5895,Medium,176.36
500.0,576.0,0.423,59.0,32.0,2.0,2.0,1759.4,84.0,0.0,0.0,Rejected,0.6193,High,490.34
472.6,651.0,0.324,4.0,40.0,0.0,2.0,579.1,60.0,0.0,1.0,Manual Review,0.5897,Medium,153.68
500.0,501.0,0.524,18.0,32.0,0.0,1.0,741.5,120.0,0.0,0.0,Rejected,0.7881,High,262.97
361.0,634.0,0.684,14.0,32.0,0.0,3.0,218.3,36.0,0.0,0.0,Manual Review,0.5507,Medium,54.1
500.0,618.0,0.359,30.0,25.0,1.0,3.0,1013.7,60.0,0.0,0.0,Manual Review,0.5672,Medium,258.74
500.0,666.0,0.394,71.0,36.0,0.0,1.0,1003.7,60.0,1.0,1.0,Manual Review,0.5853,Medium,264.38
500.0,629.0,0.38,2.0,35.0,1.0,3.0,257.9,60.0,1.0,0.0,Manual Review,0.5528,Medium,64.15
500.0,542.0,0.084,2.0,42.0,0.0,2.0,696.3,36.0,0.0,0.0,Rejected,0.7703,High,241.35
500.0,715.0,0.437,68.0,41.0,3.0,4.0,109.5,60.0,0.0,1.0,Manual Review,0.5438,Medium,26.79
446.7,607.0,0.094,8.0,35.0,0.0,2.0,803.2,84.0,0.0,0.0,Manual Review,0.5837,Medium,210.98
500.0,617.0,0.398,39.0,19.0,0.0,3.0,284.7,36.0,1.0,1.0,Manual Review,0.5271,Medium,67.53
500.0,545.0,0.078,28.0,50.0,0.0,1.0,168.6,48.0,0.0,1.0,Manual Review,0.5614,Medium,42.59
500.0,584.0,0.128,64.0,36.0,0.0,3.0,621.1,36.0,0.0,0.0,Manual Review,0.5817,Medium,162.57
371.0,549.0,0.214,4.0,38.0,1.0,1.0,109.1,120.0,0.0,0.0,Manual Review,0.5441,Medium,26.71
500.0,606.0,0.19,5.0,57.0,1.0,3.0,591.9,48.0,0.0,0.0,Rejected,0.6219,High,165.65
500.0,756.0,0.45,29.0,48.0,2.0,0.0,181.9,36.0,0.0,1.0,Manual Review,0.5592,Medium,45.77
500.0,510.0,0.234,105.0,43.0,3.0,0.0,153.3,36.0,0.0,0.0,Manual Review,0.549,Medium,37.87
500.0,490.0,0.1,19.0,37.0,1.0,1.0,472.2,60.0,0.0,0.0,Manual Review,0.5721,Medium,121.57
500.0,737.0,0.175,14.0,37.0,0.0,2.0,392.1,24.0,0.0,1.0,Manual Review,0.5657,Medium,99.82
372.0,603.0,0.311,33.0,40.0,0.0,1.0,1443.6,48.0,0.0,1.0,Rejected,0.6304,High,409.53
500.0,566.0,0.307,95.0,42.0,0.0,0.0,161.0,84.0,0.0,1.0,Manual Review,0.5493,Medium,39.8
500.0,703.0,0.316,65.0,58.0,0.0,2.0,1352.2,84.0,0.0,1.0,Rejected,0.6287,High,382.53
500.0,571.0,0.449,194.0,67.0,0.0,0.0,181.1,24.0,0.0,1.0,Manual Review,0.5883,Medium,47.94
364.5,766.0,0.499,0.0,41.0,0.0,3.0,939.2,120.0,0.0,0.0,Rejected,0.6151,High,259.98
358.8,674.0,0.38,4.0,18.0,1.0,2.0,1090.4,60.0,1.0,1.0,Rejected,0.6043,High,296.54
404.6,580.0,0.259,33.0,26.0,1.0,2.0,582.1,24.0,0.0,1.0,Rejected,0.7775,High,203.66
188.8,792.0,0.217,61.0,59.0,3.0,1.0,239.1,12.0,0.0,1.0,Rejected,0.8129,High,87.46
419.8,571.0,0.634,12.0,46.0,0.0,0.0,133.1,24.0,0.0,0.0,Manual Review,0.5538,Medium,33.17
373.5,679.0,0.302,9.0,43.0,4.0,0.0,94.4,60.0,0.0,1.0,Manual Review,0.5468,Medium,23.23
500.0,643.0,0.353,55.0,35.0,1.0,1.0,1980.8,12.0,0.0,0.0,Rejected,0.6253,High,557.4
500.0,724.0,0.196,2.0,23.0,1.0,2.0,354.9,36.0,1.0,1.0,Manual Review,0.5406,Medium,86.34
500.0,744.0,0.195,16.0,58.0,1.0,4.0,186.0,60.0,0.0,1.0,Manual Review,0.5699,Medium,47.7
500.0,622.0,0.12,25.0,28.0,0.0,3.0,180.4,48.0,0.0,1.0,Manual Review,0.5289,Medium,42.93
409.2,559.0,0.288,29.0,46.0,1.0,3.0,514.8,60.0,1.0,0.0,Rejected,0.6108,High,141.49
348.4,656.0,0.195,46.0,22.0,1.0,2.0,328.2,60.0,1.0,1.0,Manual Review,0.5483,Medium,80.97
500.0,565.0,0.222,15.0,35.0,0.0,1.0,96.9,24.0,1.0,0.0,Manual Review,0.5368,Medium,23.41
282.2,781.0,0.492,34.0,49.0,3.0,0.0,898.8,84.0,1.0,1.0,Rejected,0.6269,High,253.56
500.0,630.0,0.085,31.0,35.0,1.0,2.0,588.4,36.0,1.0,0.0,Rejected,0.6055,High,160.31
500.0,590.0,0.171,28.0,33.0,1.0,0.0,1961.3,48.0,0.0,0.0,Rejected,0.6204,High,547.56
431.8,634.0,0.328,36.0,38.0,0.0,4.0,1121.1,48.0,0.0,1.0,Rejected,0.6156,High,310.57
231.8,512.0,0.315,10.0,21.0,1.0,2.0,37.7,24.0,0.0,0.0,Manual Review,0.508,Medium,8.62
500.0,542.0,0.559,3.0,19.0,0.0,0.0,1398.3,120.0,1.0,0.0,Manual Review,0.5993,Medium,377.08
500.0,716.0,0.057,4.0,46.0,0.0,0.0,1182.6,48.0,1.0,1.0,Manual Review,0.5989,Medium,318.73
500.0,567.0,0.522,9.0,32.0,0.0,1.0,249.7,24.0,0.0,0.0,Manual Review,0.5453,Medium,61.28
246.0,536.0,0.111,24.0,46.0,1.0,1.0,318.4,84.0,0.0,0.0,Rejected,0.7977,High,114.3
404.6,662.0,0.227,66.0,51.0,0.0,2.0,625.7,48.0,1.0,1.0,Rejected,0.6663,High,187.62
500.0,714.0,0.082,43.0,52.0,1.0,0.0,199.9,60.0,1.0,1.0,Manual Review,0.5655,Medium,50.87
500.0,677.0,0.02,56.0,18.0,1.0,0.0,370.6,48.0,0.0,1.0,Manual Review,0.535,Medium,89.22
436.0,699.0,0.515,15.0,29.0,3.0,1.0,1001.7,60.0,1.0,0.0,Manual Review,0.5787,Medium,260.84
500.0,559.0,0.152,18.0,44.0,0.0,2.0,681.0,12.0,0.0,0.0,Rejected,0.779,High,238.71
320.1,506.0,0.402,18.0,44.0,1.0,1.0,264.0,36.0,0.0,0.0,Manual Review,0.5727,Medium,68.04
500.0,740.0,0.193,7.0,64.0,0.0,3.0,1020.1,48.0,0.0,1.0,Rejected,0.6071,High,278.67
500.0,594.0,0.568,2.0,27.0,0.0,1.0,573.5,24.0,0.0,0.0,Rejected,0.6451,High,166.47
500.0,599.0,0.207,32.0,52.0,0.0,1.0,558.0,60.0,0.0,1.0,Rejected,0.774,High,194.34
500.0,726.0,0.243,163.0,42.0,2.0,3.0,298.1,36.0,1.0,1.0,Manual Review,0.562,Medium,75.39
311.1,664.0,0.169,6.0,18.0,1.0,2.0,447.7,36.0,1.0,1.0,Rejected,0.7706,High,155.25
253.5,656.0,0.12,1.0,31.0,0.0,2.0,242.3,12.0,1.0,1.0,Manual Review,0.5605,Medium,61.11
500.0,793.0,0.428,54.0,41.0,1.0,1.0,95.3,60.0,0.0,1.0,Manual Review,0.5423,Medium,23.26
500.0,568.0,0.281,10.0,18.0,0.0,3.0,359.8,60.0,0.0,0.0,Manual Review,0.534,Medium,86.46
375.5,694.0,0.026,63.0,18.0,1.0,2.0,408.2,36.0,0.0,0.0,Rejected,0.729,High,133.91
500.0,624.0,0.576,43.0,18.0,0.0,2.0,502.3,48.0,0.0,1.0,Manual Review,0.5467,Medium,123.58
500.0,641.0,0.247,104.0,41.0,0.0,2.0,1187.0,36.0,0.0,1.0,Manual Review,0.598,Medium,319.43
500.0,742.0,0.127,18.0,32.0,0.0,1.0,267.1,48.0,0.0,1.0,Manual Review,0.547,Medium,65.75
500.0,660.0,0.077,39.0,30.0,2.0,2.0,335.4,12.0,0.0,0.0,Manual Review,0.5473,Medium,82.6
500.0,663.0,0.132,22.0,30.0,1.0,1.0,830.8,48.0,1.0,1.0,Manual Review,0.5641,Medium,210.88
500.0,705.0,0.342,35.0,20.0,0.0,0.0,246.5,48.0,0.0,1.0,Manual Review,0.5237,Medium,58.1
482.1,590.0,0.442,21.0,32.0,0.0,2.0,509.0,84.0,1.0,0.0,Rejected,0.7444,High,170.51
500.0,552.0,0.229,7.0,18.0,3.0,1.0,324.7,36.0,0.0,0.0,Manual Review,0.5306,Medium,77.53
500.0,536.0,0.813,25.0,52.0,1.0,4.0,370.4,60.0,1.0,0.0,Manual Review,0.5801,Medium,96.7
500.0,462.0,0.208,27.0,58.0,0.0,2.0,825.5,48.0,0.0,1.0,Manual Review,0.5932,Medium,220.34
337.0,784.0,0.261,59.0,18.0,1.0,1.0,333.8,84.0,0.0,1.0,Manual Review,0.5465,Medium,82.09
500.0,531.0,0.11,47.0,32.0,0.0,0.0,847.3,36.0,0.0,1.0,Manual Review,0.5679,Medium,216.55
500.0,602.0,0.251,39.0,33.0,0.0,0.0,94.4,36.0,1.0,1.0,Manual Review,0.5304,Medium,22.53
226.6,597.0,0.462,4.0,35.0,0.0,2.0,143.4,84.0,0.0,0.0,Manual Review,0.5589,Medium,36.06
302.2,644.0,0.622,45.0,50.0,1.0,1.0,70.4,12.0,0.0,0.0,Manual Review,0.557,Medium,17.65
197.0,685.0,0.398,24.0,32.0,0.0,1.0,177.1,24.0,1.0,1.0,Manual Review,0.5638,Medium,44.93
477.2,688.0,0.059,80.0,36.0,0.0,2.0,1988.1,24.0,0.0,1.0,Rejected,0.6258,High,559.87
500.0,573.0,0.1,90.0,73.0,0.0,0.0,443.8,60.0,0.0,1.0,Rejected,0.612,High,122.22
500.0,606.0,0.059,2.0,36.0,1.0,4.0,252.7,12.0,0.0,0.0,Manual Review,0.5528,Medium,62.86
500.0,642.0,0.14,61.0,59.0,1.0,1.0,841.9,84.0,0.0,0.0,Manual Review,0.5969,Medium,226.14
500.0,600.0,0.181,1.0,44.0,0.0,0.0,942.6,48.0,0.0,0.0,Manual Review,0.592,Medium,251.1
273.8,748.0,0.121,16.0,31.0,2.0,2.0,169.5,12.0,0.0,1.0,Manual Review,0.546,Medium,41.65
233.0,659.0,0.38,28.0,29.0,1.0,0.0,2000.0,36.0,0.0,1.0,Rejected,0.6156,High,554.03
500.0,678.0,0.116,5.0,37.0,2.0,0.0,561.4,24.0,0.0,1.0,Rejected,0.6251,High,157.92
500.0,673.0,0.344,49.0,24.0,1.0,0.0,621.0,48.0,1.0,1.0,Manual Review,0.5622,Medium,157.1
500.0,713.0,0.424,0.0,27.0,1.0,0.0,670.0,60.0,0.0,0.0,Rejected,0.7695,High,232.0
194.2,634.0,0.223,6.0,32.0,0.0,4.0,668.8,48.0,0.0,0.0,Rejected,0.6193,High,186.37
500.0,516.0,0.497,31.0,41.0,0.0,2.0,273.8,12.0,0.0,1.0,Manual Review,0.5595,Medium,68.93
284.4,651.0,0.367,45.0,59.0,0.0,4.0,2000.0,60.0,0.0,1.0,Rejected,0.6383,High,574.5
500.0,567.0,0.177,89.0,32.0,1.0,1.0,358.3,60.0,0.0,0.0,Manual Review,0.5554,Medium,89.54
500.0,577.0,0.258,44.0,43.0,1.0,2.0,968.2,60.0,0.0,0.0,Manual Review,0.5922,Medium,258.03
341.3,666.0,0.189,40.0,18.0,1.0,1.0,307.8,60.0,0.0,1.0,Manual Review,0.5427,Medium,75.17
422.3,719.0,0.416,18.0,50.0,0.0,0.0,267.1,36.0,1.0,0.0,Manual Review,0.5747,Medium,69.08
321.5,621.0,0.374,0.0,18.0,2.0,1.0,2000.0,84.0,0.0,1.0,Rejected,0.6125,High,551.25
500.0,644.0,0.316,4.0,47.0,1.0,2.0,412.7,36.0,0.0,0.0,Manual Review,0.5759,Medium,106.96
500.0,756.0,0.084,27.0,37.0,0.0,2.0,438.0,12.0,0.0,1.0,Manual Review,0.5695,Medium,112.24
333.5,639.0,0.17,40.0,36.0,1.0,2.0,564.7,60.0,0.0,0.0,Manual Review,0.5742,Medium,145.91
500.0,828.0,0.148,19.0,34.0,0.0,1.0,2000.0,84.0,1.0,1.0,Rejected,0.6255,High,562.92
418.8,665.0,0.04,47.0,22.0,0.0,1.0,2000.0,60.0,0.0,1.0,Rejected,0.6113,High,550.17
367.3,479.0,0.103,26.0,23.0,1.0,2.0,1257.0,36.0,0.0,0.0,Rejected,0.6139,High,347.23
500.0,680.0,0.105,2.0,48.0,0.0,0.0,2000.0,36.0,0.0,1.0,Rejected,0.6293,High,566.33
325.4,650.0,0.228,7.0,38.0,0.0,0.0,211.4,48.0,0.0,0.0,Manual Review,0.5609,Medium,53.36
414.0,723.0,0.404,65.0,34.0,2.0,1.0,760.6,84.0,0.0,1.0,Manual Review,0.5844,Medium,200.02
300.0,673.0,0.185,46.0,43.0,1.0,2.0,478.2,24.0,0.0,1.0,Manual Review,0.5728,Medium,123.26
500.0,608.0,0.236,81.0,39.0,0.0,3.0,109.3,60.0,0.0,1.0,Manual Review,0.5404,Medium,26.58
500.0,522.0,0.236,4.0,28.0,1.0,2.0,651.9,36.0,0.0,0.0,Rejected,0.7686,High,225.49
384.8,603.0,0.256,166.0,67.0,0.0,1.0,303.9,60.0,0.0,1.0,Rejected,0.6055,High,82.8
500.0,551.0,0.277,8.0,46.0,0.0,2.0,1534.9,84.0,0.0,0.0,Rejected,0.6227,High,430.13
500.0,573.0,0.493,0.0,39.0,1.0,1.0,328.1,36.0,0.0,0.0,Manual Review,0.5611,Medium,82.84
488.9,667.0,0.225,214.0,31.0,1.0,3.0,313.5,36.0,0.0,1.0,Manual Review,0.5465,Medium,77.1
500.0,753.0,0.498,11.0,49.0,1.0,1.0,1534.4,60.0,1.0,0.0,Rejected,0.626,High,432.23
500.0,651.0,0.271,39.0,28.0,0.0,0.0,427.1,48.0,0.0,1.0,Manual Review,0.5519,Medium,106.07
418.8,524.0,0.245,6.0,27.0,0.0,1.0,1141.1,60.0,1.0,0.0,Rejected,0.6087,High,312.57
409.4,655.0,0.707,31.0,58.0,1.0,0.0,632.0,48.0,0.0,1.0,Rejected,0.6809,High,193.63
475.8,715.0,0.441,84.0,38.0,2.0,3.0,638.8,24.0,1.0,1.0,Rejected,0.6723,High,193.25
172.7,571.0,0.043,13.0,28.0,1.0,1.0,370.3,60.0,0.0,0.0,Manual Review,0.5736,Medium,95.59
256.0,609.0,0.338,39.0,38.0,0.0,2.0,672.6,24.0,0.0,1.0,Rejected,0.6161,High,186.47
500.0,621.0,0.109,7.0,48.0,1.0,1.0,405.1,84.0,1.0,0.0,Manual Review,0.5782,Medium,105.4
500.0,557.0,0.279,35.0,45.0,2.0,4.0,236.6,36.0,1.0,0.0,Manual Review,0.5603,Medium,59.66
482.1,671.0,0.123,14.0,49.0,0.0,0.0,414.1,60.0,0.0,1.0,Manual Review,0.583,Medium,108.64
500.0,610.0,0.311,8.0,23.0,1.0,0.0,1261.1,36.0,0.0,0.0,Rejected,0.6007,High,340.9
500.0,653.0,0.581,13.0,49.0,0.0,2.0,691.1,36.0,0.0,0.0,Rejected,0.7862,High,244.51
500.0,549.0,0.352,7.0,35.0,1.0,1.0,832.3,36.0,1.0,0.0,Manual Review,0.5705,Medium,213.67
500.0,585.0,0.212,83.0,39.0,3.0,2.0,450.6,60.0,0.0,0.0,Manual Review,0.5712,Medium,115.82
500.0,677.0,0.191,18.0,52.0,0.0,1.0,95.5,48.0,0.0,1.0,Manual Review,0.5555,Medium,23.87
338.6,590.0,0.529,10.0,46.0,1.0,1.0,169.4,84.0,1.0,0.0,Manual Review,0.5625,Medium,42.88
244.5,758.0,0.344,21.0,42.0,0.0,0.0,357.2,36.0,1.0,1.0,Rejected,0.8002,High,128.62
500.0,588.0,0.509,13.0,18.0,0.0,2.0,181.5,60.0,0.0,1.0,Manual Review,0.5163,Medium,42.17
374.1,637.0,0.389,49.0,37.0,0.0,1.0,295.9,60.0,0.0,1.0,Manual Review,0.5663,Medium,75.41
268.1,694.0,0.249,127.0,28.0,0.0,0.0,287.4,24.0,1.0,1.0,Rejected,0.7338,High,94.9
395.2,506.0,0.326,20.0,46.0,1.0,2.0,294.5,36.0,0.0,0.0,Manual Review,0.5727,Medium,75.89
317.9,479.0,0.616,71.0,49.0,0.0,2.0,1421.1,48.0,1.0,1.0,Rejected,0.6303,High,403.07
500.0,497.0,0.264,30.0,34.0,2.0,1.0,431.4,36.0,0.0,0.0,Manual Review,0.5676,Medium,110.18
500.0,721.0,0.182,6.0,29.0,0.0,1.0,950.7,36.0,0.0,1.0,Manual Review,0.5796,Medium,247.94
500.0,575.0,0.172,42.0,56.0,2.0,2.0,513.2,60.0,0.0,0.0,Rejected,0.7488,High,172.93
500.0,824.0,0.397,25.0,30.0,1.0,1.0,1396.9,36.0,0.0,1.0,Rejected,0.6096,High,383.2
500.0,574.0,0.202,37.0,23.0,1.0,1.0,1018.6,60.0,1.0,0.0,Manual Review,0.5646,Medium,258.78
354.9,634.0,0.229,79.0,28.0,3.0,2.0,280.4,84.0,0.0,0.0,Manual Review,0.5495,Medium,69.34
500.0,743.0,0.463,20.0,31.0,0.0,0.0,2000.0,48.0,0.0,0.0,Rejected,0.6207,High,558.59
500.0,780.0,0.101,83.0,27.0,1.0,3.0,312.9,48.0,0.0,1.0,Manual Review,0.5412,Medium,76.21
325.0,784.0,0.28,50.0,48.0,1.0,2.0,528.2,24.0,0.0,1.0,Manual Review,0.5806,Medium,138.0
496.4,716.0,0.491,24.0,18.0,0.0,1.0,608.5,84.0,0.0,0.0,Manual Review,0.5548,Medium,151.92
352.4,701.0,0.316,33.0,27.0,1.0,3.0,665.2,36.0,0.0,1.0,Manual Review,0.579,Medium,173.3
273.5,667.0,0.282,14.0,37.0,1.0,5.0,851.0,48.0,0.0,1.0,Rejected,0.6225,High,238.39
500.0,682.0,0.377,147.0,40.0,2.0,1.0,245.7,120.0,1.0,1.0,Manual Review,0.5565,Medium,61.53
500.0,575.0,0.323,39.0,58.0,0.0,1.0,795.8,48.0,1.0,1.0,Manual Review,0.5894,Medium,211.06
271.3,554.0,0.245,1.0,56.0,1.0,2.0,716.5,60.0,0.0,0.0,Rejected,0.6274,High,202.3
500.0,619.0,0.051,14.0,18.0,1.0,2.0,450.3,36.0,0.0,0.0,Manual Review,0.5422,Medium,109.88
394.4,606.0,0.389,35.0,18.0,1.0,0.0,386.7,24.0,0.0,0.0,Manual Review,0.5459,Medium,95.0
428.0,583.0,0.091,2.0,38.0,0.0,0.0,235.8,60.0,0.0,0.0,Manual Review,0.5562,Medium,59.02
406.0,675.0,0.407,0.0,29.0,1.0,4.0,661.0,12.0,1.0,0.0,Manual Review,0.5605,Medium,166.73
354.5,696.0,0.049,21.0,23.0,2.0,1.0,265.4,60.0,0.0,1.0,Manual Review,0.5428,Medium,64.82
500.0,627.0,0.134,14.0,38.0,1.0,0.0,544.4,12.0,0.0,0.0,Rejected,0.759,High,185.94
360.4,738.0,0.311,20.0,40.0,0.0,0.0,415.0,84.0,0.0,1.0,Rejected,0.6677,High,124.7
500.0,528.0,0.235,10.0,27.0,0.0,2.0,154.8,24.0,0.0,0.0,Manual Review,0.5257,Medium,36.62
500.0,604.0,0.207,6.0,30.0,1.0,2.0,213.3,48.0,0.0,0.0,Manual Review,0.5357,Medium,51.42
484.5,562.0,0.682,42.0,28.0,1.0,3.0,622.2,48.0,0.0,0.0,Rejected,0.768,High,215.04
346.8,470.0,0.413,26.0,33.0,1.0,1.0,295.9,48.0,0.0,0.0,Manual Review,0.5621,Medium,74.84
409.2,613.0,0.053,8.0,44.0,2.0,2.0,287.9,36.0,1.0,0.0,Manual Review,0.5676,Medium,73.54
500.0,610.0,0.491,13.0,25.0,2.0,2.0,244.3,48.0,1.0,0.0,Manual Review,0.5311,Medium,58.38
500.0,741.0,0.455,32.0,30.0,1.0,2.0,251.0,36.0,1.0,1.0,Manual Review,0.5394,Medium,60.92
334.9,670.0,0.361,2.0,33.0,0.0,0.0,1675.0,36.0,1.0,1.0,Rejected,0.621,High,468.1
500.0,538.0,0.188,5.0,37.0,1.0,1.0,183.7,36.0,0.0,0.0,Manual Review,0.5467,Medium,45.2
500.0,768.0,0.396,2.0,41.0,0.0,2.0,1462.3,48.0,1.0,1.0,Rejected,0.6208,High,408.51
237.0,717.0,0.284,60.0,62.0,1.0,0.0,345.5,36.0,0.0,1.0,Rejected,0.8253,High,128.31
500.0,666.0,0.437,50.0,44.0,1.0,0.0,266.8,120.0,0.0,0.0,Manual Review,0.5601,Medium,67.25
392.0,601.0,0.142,50.0,45.0,2.0,3.0,611.9,48.0,1.0,0.0,Rejected,0.7633,High,210.18
500.0,543.0,0.175,45.0,34.0,0.0,2.0,469.6,24.0,0.0,1.0,Manual Review,0.5706,Medium,120.58
372.8,590.0,0.109,39.0,26.0,0.0,2.0,384.3,48.0,1.0,1.0,Rejected,0.7059,High,122.07
221.4,707.0,0.151,23.0,31.0,0.0,1.0,536.6,84.0,0.0,1.0,Manual Review,0.591,Medium,142.71
242.0,770.0,0.2,37.0,29.0,2.0,1.0,463.7,12.0,1.0,1.0,Manual Review,0.5802,Medium,121.07
500.0,743.0,0.324,1.0,42.0,0.0,0.0,378.8,60.0,0.0,0.0,Manual Review,0.5688,Medium,96.96
500.0,580.0,0.152,34.0,18.0,0.0,3.0,951.4,48.0,0.0,1.0,Manual Review,0.5727,Medium,245.2
347.4,530.0,0.272,54.0,45.0,0.0,1.0,141.4,24.0,0.0,1.0,Manual Review,0.5577,Medium,35.49
500.0,631.0,0.485,24.0,36.0,1.0,0.0,216.5,60.0,1.0,0.0,Manual Review,0.5494,Medium,53.52
237.9,478.0,0.36,15.0,46.0,1.0,3.0,239.6,36.0,0.0,0.0,Manual Review,0.5874,Medium,63.34
500.0,645.0,0.197,11.0,29.0,0.0,1.0,193.1,36.0,0.0,0.0,Manual Review,0.5307,Medium,46.11
298.0,608.0,0.016,37.0,27.0,1.0,2.0,482.1,60.0,0.0,0.0,Manual Review,0.5598,Medium,121.44
394.1,582.0,0.28,42.0,33.0,2.0,1.0,674.4,48.0,0.0,0.0,Manual Review,0.5688,Medium,172.61
500.0,492.0,0.186,73.0,32.0,0.0,0.0,93.6,84.0,0.0,1.0,Manual Review,0.5297,Medium,22.31
355.1,661.0,0.117,15.0,47.0,3.0,2.0,308.0,48.0,0.0,1.0,Manual Review,0.5778,Medium,80.09
450.5,577.0,0.287,52.0,47.0,1.0,0.0,348.0,60.0,1.0,0.0,Manual Review,0.574,Medium,89.89
500.0,526.0,0.452,29.0,60.0,2.0,1.0,358.1,60.0,0.0,0.0,Manual Review,0.586,Medium,94.43
409.2,390.0,0.172,77.0,32.0,1.0,1.0,161.0,24.0,0.0,0.0,Manual Review,0.5405,Medium,39.16
500.0,617.0,0.42,27.0,18.0,1.0,1.0,350.3,60.0,0.0,0.0,Manual Review,0.5331,Medium,84.03
310.4,761.0,0.233,26.0,33.0,1.0,1.0,217.1,48.0,0.0,1.0,Manual Review,0.5556,Medium,54.28
500.0,752.0,0.343,31.0,40.0,1.0,1.0,344.4,24.0,0.0,1.0,Manual Review,0.5653,Medium,87.61
500.0,583.0,0.48,49.0,46.0,1.0,0.0,113.7,48.0,1.0,0.0,Manual Review,0.5492,Medium,28.1
158.7,571.0,0.016,120.0,41.0,1.0,5.0,346.3,24.0,0.0,0.0,Manual Review,0.5857,Medium,91.27
366.6,657.0,0.352,2.0,32.0,1.0,0.0,253.2,60.0,0.0,1.0,Manual Review,0.5546,Medium,63.19
500.0,540.0,0.658,1.0,58.0,1.0,0.0,364.8,48.0,0.0,0.0,Manual Review,0.585,Medium,96.03
493.3,644.0,0.538,99.0,25.0,0.0,3.0,572.5,120.0,0.0,1.0,Rejected,0.6373,High,164.19
500.0,681.0,0.123,27.0,34.0,0.0,1.0,434.3,24.0,0.0,1.0,Manual Review,0.5678,Medium,110.97
403.7,718.0,0.316,34.0,25.0,0.0,3.0,849.1,48.0,0.0,1.0,Manual Review,0.567,Medium,216.65
500.0,611.0,0.718,23.0,38.0,0.0,2.0,337.3,36.0,1.0,0.0,Manual Review,0.5615,Medium,85.23
500.0,603.0,0.21,3.0,57.0,1.0,2.0,738.4,48.0,0.0,0.0,Rejected,0.8185,High,271.96
500.0,549.0,0.48,52.0,36.0,1.0,1.0,1107.0,60.0,0.0,0.0,Manual Review,0.5833,Medium,290.56
500.0,553.0,0.301,49.0,36.0,0.0,2.0,560.3,60.0,0.0,1.0,Rejected,0.7518,High,189.57
500.0,601.0,0.22,13.0,18.0,1.0,0.0,442.7,60.0,0.0,0.0,Manual Review,0.5416,Medium,107.89
444.4,649.0,0.478,13.0,34.0,1.0,1.0,627.0,84.0,1.0,0.0,Rejected,0.7641,High,215.6
427.9,693.0,0.477,65.0,51.0,0.0,0.0,576.3,24.0,0.0,1.0,Rejected,0.7864,High,203.94
439.8,555.0,0.13,2.0,34.0,0.0,1.0,1002.7,36.0,1.0,0.0,Manual Review,0.5891,Medium,265.81
500.0,739.0,0.53,76.0,34.0,1.0,0.0,849.4,60.0,0.0,1.0,Manual Review,0.5736,Medium,219.24
442.3,598.0,0.005,10.0,51.0,1.0,1.0,857.6,48.0,0.0,0.0,Manual Review,0.5981,Medium,230.83
500.0,618.0,0.214,32.0,34.0,2.0,1.0,466.2,24.0,0.0,0.0,Manual Review,0.5704,Medium,119.65
500.0,560.0,0.291,98.0,53.0,2.0,3.0,591.4,48.0,0.0,0.0,Rejected,0.6166,High,164.09
500.0,426.0,0.211,40.0,22.0,1.0,0.0,582.6,36.0,0.0,0.0,Rejected,0.6758,High,177.18
463.9,690.0,0.28,19.0,46.0,1.0,0.0,171.3,36.0,0.0,1.0,Manual Review,0.5561,Medium,42.87
500.0,678.0,0.184,42.0,57.0,1.0,2.0,1058.5,60.0,0.0,1.0,Manual Review,0.5969,Medium,284.31
445.2,597.0,0.263,15.0,50.0,0.0,1.0,118.4,36.0,0.0,1.0,Manual Review,0.5582,Medium,29.74
197.1,625.0,0.42,11.0,18.0,1.0,4.0,795.7,12.0,0.0,0.0,Rejected,0.6142,High,219.92
329.8,661.0,0.278,205.0,30.0,0.0,0.0,557.3,24.0,0.0,0.0,Manual Review,0.5675,Medium,142.33
214.3,494.0,0.624,50.0,35.0,4.0,1.0,358.5,84.0,1.0,0.0,Manual Review,0.5736,Medium,92.54
458.0,577.0,0.275,37.0,50.0,0.0,2.0,615.5,120.0,0.0,1.0,Rejected,0.7857,High,217.63
500.0,683.0,0.231,15.0,22.0,0.0,4.0,629.1,60.0,1.0,1.0,Rejected,0.7475,High,211.6
500.0,519.0,0.75,1.0,25.0,1.0,3.0,158.1,36.0,0.0,0.0,Manual Review,0.5224,Medium,37.16
500.0,643.0,0.488,1.0,18.0,1.0,1.0,1397.4,84.0,0.0,0.0,Manual Review,0.5993,Medium,376.88
489.3,511.0,0.386,29.0,28.0,0.0,1.0,476.8,60.0,0.0,1.0,Manual Review,0.5569,Medium,119.48
500.0,657.0,0.068,51.0,22.0,2.0,2.0,2000.0,60.0,0.0,1.0,Rejected,0.6108,High,549.69
180.7,617.0,0.58,27.0,57.0,2.0,0.0,846.6,60.0,0.0,0.0,Rejected,0.6381,High,243.08
500.0,490.0,0.422,66.0,30.0,1.0,1.0,468.2,36.0,0.0,1.0,Manual Review,0.5587,Medium,117.71
500.0,713.0,0.108,1.0,46.0,2.0,0.0,259.1,48.0,0.0,1.0,Manual Review,0.5628,Medium,65.62
260.7,561.0,0.374,16.0,38.0,0.0,1.0,411.9,24.0,0.0,1.0,Rejected,0.6576,High,121.88
500.0,555.0,0.137,9.0,38.0,2.0,0.0,507.4,36.0,1.0,0.0,Rejected,0.7396,High,168.88
500.0,636.0,0.533,21.0,30.0,0.0,4.0,1453.6,60.0,0.0,0.0,Rejected,0.6131,High,401.07
443.6,711.0,0.55,2.0,47.0,4.0,1.0,1200.8,84.0,0.0,0.0,Rejected,0.6177,High,333.79
500.0,538.0,0.453,110.0,39.0,1.0,5.0,645.9,60.0,0.0,0.0,Rejected,0.787,High,228.75
500.0,624.0,0.186,9.0,39.0,0.0,1.0,1853.4,48.0,1.0,0.0,Rejected,0.6272,High,523.13
500.0,654.0,0.439,91.0,30.0,1.0,0.0,89.7,24.0,0.0,1.0,Manual Review,0.5232,Medium,21.12
500.0,675.0,0.088,19.0,32.0,1.0,2.0,651.8,24.0,0.0,1.0,Rejected,0.7751,High,227.35
433.9,634.0,0.303,152.0,45.0,1.0,1.0,1229.0,36.0,1.0,0.0,Rejected,0.6183,High,341.94
357.0,590.0,0.227,29.0,40.0,0.0,2.0,697.4,48.0,1.0,1.0,Manual Review,0.5901,Medium,185.19
500.0,553.0,0.221,96.0,39.0,0.0,3.0,155.0,48.0,0.0,1.0,Manual Review,0.545,Medium,38.01
355.9,626.0,0.093,0.0,28.0,0.0,2.0,1367.8,12.0,0.0,0.0,Rejected,0.6205,High,381.95
500.0,534.0,0.292,49.0,61.0,1.0,0.0,827.6,120.0,1.0,0.0,Manual Review,0.5974,Medium,222.49
430.0,386.0,0.129,84.0,32.0,0.0,1.0,592.2,36.0,1.0,1.0,Rejected,0.7574,High,201.85
500.0,654.0,0.193,5.0,37.0,1.0,2.0,483.1,60.0,0.0,1.0,Manual Review,0.573,Medium,124.56
500.0,692.0,0.384,3.0,35.0,0.0,0.0,2000.0,48.0,0.0,1.0,Rejected,0.6254,High,562.86
500.0,430.0,0.29,19.0,61.0,2.0,0.0,642.3,24.0,0.0,0.0,Rejected,0.8191,High,236.73
423.1,539.0,0.197,97.0,34.0,0.0,4.0,370.9,60.0,0.0,1.0,Manual Review,0.5683,Medium,94.85
477.1,669.0,0.132,28.0,33.0,3.0,1.0,235.2,60.0,0.0,1.0,Manual Review,0.5457,Medium,57.75
334.7,784.0,0.346,26.0,39.0,0.0,2.0,825.1,48.0,0.0,1.0,Manual Review,0.5969,Medium,221.64
437.2,621.0,0.36,5.0,29.0,1.0,2.0,990.7,48.0,1.0,0.0,Manual Review,0.5782,Medium,257.75
500.0,561.0,0.17,0.0,39.0,0.0,0.0,470.9,24.0,1.0,0.0,Manual Review,0.5728,Medium,121.37
500.0,605.0,0.207,59.0,66.0,1.0,2.0,288.1,60.0,0.0,0.0,Manual Review,0.5965,Medium,77.33
344.3,729.0,0.298,3.0,41.0,2.0,3.0,1304.4,84.0,0.0,1.0,Rejected,0.6278,High,368.53
500.0,568.0,0.129,36.0,41.0,1.0,2.0,221.3,24.0,0.0,0.0,Manual Review,0.5546,Medium,55.23
500.0,556.0,0.326,88.0,29.0,1.0,2.0,2000.0,36.0,0.0,0.0,Rejected,0.6207,High,558.67
500.0,581.0,0.112,8.0,58.0,0.0,0.0,250.1,84.0,0.0,0.0,Manual Review,0.5756,Medium,64.78
500.0,543.0,0.144,39.0,61.0,1.0,0.0,161.9,36.0,0.0,0.0,Manual Review,0.5728,Medium,41.73
370.8,629.0,0.007,2.0,48.0,1.0,3.0,179.3,60.0,0.0,0.0,Manual Review,0.565,Medium,45.59
293.0,749.0,0.139,33.0,45.0,0.0,1.0,185.2,48.0,0.0,1.0,Manual Review,0.5679,Medium,47.33
224.4,645.0,0.047,6.0,35.0,1.0,1.0,372.5,48.0,1.0,0.0,Manual Review,0.5708,Medium,95.68
500.0,599.0,0.201,47.0,42.0,0.0,1.0,309.5,36.0,0.0,1.0,Manual Review,0.563,Medium,78.41
500.0,596.0,0.172,12.0,27.0,3.0,2.0,1021.6,36.0,0.0,0.0,Manual Review,0.573,Medium,263.4
500.0,494.0,0.052,22.0,24.0,0.0,3.0,911.5,12.0,1.0,0.0,Manual Review,0.5691,Medium,233.41
500.0,690.0,0.27,32.0,20.0,1.0,2.0,376.4,60.0,0.0,1.0,Manual Review,0.5363,Medium,90.83
311.0,613.0,0.528,6.0,42.0,1.0,1.0,2000.0,60.0,0.0,0.0,Rejected,0.6287,High,565.84
500.0,605.0,0.668,48.0,21.0,5.0,0.0,372.4,60.0,0.0,0.0,Manual Review,0.5363,Medium,89.87
500.0,850.0,0.061,12.0,32.0,1.0,0.0,414.3,48.0,1.0,1.0,Manual Review,0.5602,Medium,104.44
500.0,643.0,0.309,39.0,37.0,0.0,1.0,162.0,36.0,0.0,1.0,Manual Review,0.5446,Medium,39.7
500.0,559.0,0.353,6.0,49.0,0.0,2.0,422.0,12.0,0.0,0.0,Manual Review,0.5824,Medium,110.6
500.0,585.0,0.404,41.0,31.0,1.0,2.0,571.0,60.0,0.0,0.0,Rejected,0.649,High,166.76
500.0,711.0,0.214,4.0,51.0,3.0,2.0,174.5,48.0,0.0,1.0,Manual Review,0.5624,Medium,44.17
367.7,629.0,0.341,19.0,49.0,0.0,0.0,302.0,36.0,0.0,0.0,Manual Review,0.5819,Medium,79.08
500.0,504.0,0.412,10.0,25.0,0.0,3.0,584.7,24.0,0.0,0.0,Rejected,0.6746,High,177.5
500.0,693.0,0.572,49.0,51.0,0.0,2.0,295.8,24.0,1.0,1.0,Manual Review,0.5733,Medium,76.32
500.0,566.0,0.293,10.0,34.0,1.0,3.0,250.2,36.0,1.0,0.0,Manual Review,0.5515,Medium,62.09
500.0,769.0,0.039,76.0,32.0,2.0,1.0,841.5,60.0,0.0,1.0,Manual Review,0.5677,Medium,214.96
422.8,706.0,0.223,80.0,34.0,0.0,2.0,161.4,84.0,0.0,1.0,Manual Review,0.546,Medium,39.65
332.9,584.0,0.34,7.0,37.0,1.0,1.0,188.5,84.0,0.0,0.0,Manual Review,0.5566,Medium,47.22
500.0,722.0,0.184,34.0,33.0,0.0,2.0,518.7,84.0,1.0,1.0,Rejected,0.7441,High,173.69
500.0,625.0,0.389,3.0,27.0,0.0,1.0,885.7,84.0,0.0,0.0,Manual Review,0.5735,Medium,228.58
500.0,688.0,0.085,17.0,28.0,1.0,2.0,574.7,48.0,0.0,1.0,Rejected,0.6455,High,166.95
234.2,658.0,0.643,44.0,39.0,0.0,0.0,376.3,36.0,1.0,1.0,Manual Review,0.5728,Medium,96.99
500.0,552.0,0.18,38.0,36.0,2.0,0.0,352.5,60.0,1.0,0.0,Manual Review,0.5619,Medium,89.12
500.0,568.0,0.099,35.0,44.0,0.0,2.0,1010.1,36.0,0.0,1.0,Manual Review,0.585,Medium,265.89
441.0,702.0,0.132,11.0,38.0,1.0,0.0,894.8,36.0,1.0,1.0,Manual Review,0.5848,Medium,235.47
329.2,593.0,0.487,17.0,38.0,2.0,0.0,468.4,36.0,1.0,0.0,Rejected,0.7684,High,161.96
238.7,587.0,0.142,3.0,45.0,0.0,2.0,360.4,48.0,0.0,0.0,Rejected,0.8042,High,130.42
500.0,543.0,0.32,45.0,55.0,0.0,1.0,463.0,36.0,0.0,1.0,Manual Review,0.5897,Medium,122.87
500.0,653.0,0.583,25.0,55.0,0.0,6.0,251.6,24.0,1.0,1.0,Manual Review,0.573,Medium,64.87
286.5,785.0,0.128,44.0,54.0,0.0,1.0,399.1,48.0,0.0,1.0,Rejected,0.7918,High,142.21
285.7,534.0,0.511,10.0,48.0,1.0,1.0,304.2,84.0,0.0,0.0,Rejected,0.7674,High,105.05
461.6,621.0,0.409,14.0,63.0,1.0,0.0,415.2,48.0,0.0,0.0,Rejected,0.6059,High,113.21
500.0,732.0,0.041,14.0,43.0,0.0,1.0,313.1,84.0,1.0,1.0,Manual Review,0.5637,Medium,79.43
479.5,613.0,0.438,0.0,41.0,0.0,1.0,684.4,24.0,1.0,0.0,Rejected,0.7711,High,237.5
257.5,656.0,0.444,15.0,64.0,0.0,4.0,866.2,24.0,0.0,0.0,Rejected,0.6423,High,250.35
482.9,535.0,0.036,58.0,18.0,0.0,0.0,332.2,48.0,1.0,1.0,Manual Review,0.5325,Medium,79.61
476.4,654.0,0.26,81.0,35.0,1.0,1.0,235.1,48.0,1.0,1.0,Manual Review,0.5518,Medium,58.38
141.8,605.0,0.288,26.0,53.0,1.0,0.0,795.3,60.0,1.0,0.0,Rejected,0.634,High,226.89
500.0,698.0,0.209,21.0,49.0,1.0,1.0,521.8,60.0,0.0,1.0,Rejected,0.7692,High,180.61
486.4,714.0,0.185,1.0,68.0,1.0,1.0,335.6,60.0,0.0,1.0,Rejected,0.6022,High,90.95
500.0,827.0,0.072,76.0,39.0,0.0,0.0,1352.7,84.0,0.0,1.0,Rejected,0.6165,High,375.27
500.0,666.0,0.348,0.0,32.0,1.0,0.0,286.4,36.0,0.0,1.0,Manual Review,0.5488,Medium,70.73
500.0,646.0,0.009,104.0,34.0,0.0,0.0,91.4,36.0,0.0,1.0,Manual Review,0.5357,Medium,22.03
477.3,635.0,0.271,24.0,41.0,1.0,2.0,255.5,48.0,1.0,0.0,Manual Review,0.559,Medium,64.27
314.0,591.0,0.206,15.0,57.0,1.0,1.0,1642.8,24.0,0.0,0.0,Rejected,0.6381,High,471.76
500.0,647.0,0.235,92.0,57.0,2.0,1.0,349.1,36.0,1.0,0.0,Manual Review,0.583,Medium,91.58
500.0,596.0,0.37,0.0,37.0,2.0,2.0,298.0,36.0,0.0,0.0,Manual Review,0.5575,Medium,74.76
500.0,633.0,0.207,31.0,41.0,0.0,4.0,459.8,36.0,0.0,1.0,Manual Review,0.5749,Medium,118.95
500.0,725.0,0.332,28.0,30.0,1.0,2.0,1010.6,24.0,0.0,1.0,Manual Review,0.5756,Medium,261.78
500.0,539.0,0.244,8.0,31.0,0.0,0.0,421.2,12.0,0.0,0.0,Manual Review,0.5553,Medium,105.25
500.0,711.0,0.183,20.0,50.0,1.0,1.0,722.4,60.0,0.0,1.0,Rejected,0.8091,High,263.01
409.8,725.0,0.265,38.0,57.0,3.0,1.0,386.8,48.0,1.0,1.0,Manual Review,0.5923,Medium,103.1
415.4,610.0,0.371,46.0,29.0,1.0,4.0,726.9,60.0,0.0,0.0,Manual Review,0.5736,Medium,187.64
500.0,450.0,0.339,0.0,40.0,0.0,0.0,519.9,60.0,0.0,0.0,Rejected,0.7567,High,177.04
416.1,571.0,0.016,99.0,35.0,0.0,1.0,327.4,24.0,0.0,1.0,Manual Review,0.5651,Medium,83.25
382.3,723.0,0.37,6.0,48.0,1.0,1.0,553.3,36.0,0.0,1.0,Rejected,0.8059,High,200.66
500.0,618.0,0.309,9.0,33.0,0.0,2.0,291.6,24.0,0.0,0.0,Manual Review,0.5498,Medium,72.15
480.6,540.0,0.034,11.0,18.0,2.0,1.0,149.4,60.0,0.0,1.0,Manual Review,0.5136,Medium,34.53
500.0,579.0,0.408,1.0,50.0,1.0,5.0,443.0,60.0,0.0,0.0,Manual Review,0.5845,Medium,116.53
145.1,687.0,0.287,4.0,34.0,2.0,2.0,160.4,36.0,1.0,1.0,Rejected,0.7512,High,54.22
500.0,663.0,0.627,154.0,35.0,0.0,0.0,725.9,36.0,0.0,0.0,Rejected,0.7932,High,259.09
500.0,600.0,0.13,13.0,43.0,0.0,1.0,436.8,120.0,1.0,0.0,Manual Review,0.5738,Medium,112.79
193.6,590.0,0.368,4.0,42.0,0.0,2.0,1405.4,48.0,0.0,0.0,Rejected,0.6279,High,397.1
460.0,588.0,0.207,4.0,43.0,1.0,1.0,345.6,60.0,1.0,0.0,Manual Review,0.5691,Medium,88.5
453.4,546.0,0.502,45.0,18.0,1.0,1.0,442.9,36.0,0.0,0.0,Manual Review,0.5457,Medium,108.75
270.1,749.0,0.257,69.0,44.0,0.0,1.0,138.9,36.0,0.0,1.0,Manual Review,0.5599,Medium,35.0
370.1,594.0,0.604,10.0,18.0,1.0,0.0,186.1,60.0,0.0,0.0,Manual Review,0.5238,Medium,43.87
313.3,717.0,0.078,0.0,47.0,1.0,0.0,117.5,60.0,1.0,1.0,Manual Review,0.5573,Medium,29.47
500.0,741.0,0.296,9.0,51.0,1.0,0.0,1065.7,60.0,0.0,1.0,Manual Review,0.5898,Medium,282.84
500.0,699.0,0.368,2.0,21.0,0.0,3.0,311.6,48.0,0.0,1.0,Manual Review,0.5305,Medium,74.39
500.0,585.0,0.393,3.0,41.0,0.0,0.0,1301.3,48.0,0.0,0.0,Rejected,0.6153,High,360.31
500.0,652.0,0.529,20.0,50.0,2.0,1.0,52.7,60.0,0.0,0.0,Manual Review,0.5501,Medium,13.05
310.5,618.0,0.31,9.0,32.0,2.0,2.0,1552.9,36.0,0.0,1.0,Rejected,0.621,High,433.94
420.0,547.0,0.057,26.0,46.0,1.0,1.0,426.2,36.0,0.0,0.0,Rejected,0.7497,High,143.78
500.0,645.0,0.156,10.0,18.0,0.0,1.0,590.7,84.0,0.0,0.0,Manual Review,0.5623,Medium,149.46
296.3,525.0,0.095,101.0,51.0,4.0,1.0,192.3,36.0,0.0,0.0,Manual Review,0.5763,Medium,49.87
500.0,715.0,0.659,85.0,38.0,1.0,1.0,686.3,48.0,0.0,1.0,Rejected,0.7692,High,237.55
484.2,582.0,0.235,30.0,34.0,2.0,1.0,333.7,60.0,0.0,0.0,Manual Review,0.5602,Medium,84.12
452.7,636.0,0.202,15.0,49.0,1.0,2.0,173.2,120.0,0.0,0.0,Manual Review,0.5632,Medium,43.89
500.0,642.0,0.341,17.0,58.0,0.0,2.0,171.3,36.0,1.0,0.0,Manual Review,0.5686,Medium,43.83
500.0,599.0,0.371,19.0,43.0,2.0,1.0,168.9,36.0,0.0,0.0,Manual Review,0.5505,Medium,41.84
455.8,666.0,0.258,46.0,57.0,2.0,1.0,610.1,60.0,1.0,1.0,Rejected,0.8156,High,223.91
500.0,582.0,0.328,21.0,19.0,0.0,2.0,270.7,60.0,0.0,0.0,Manual Review,0.5257,Medium,64.04
318.0,689.0,0.42,69.0,45.0,2.0,1.0,121.2,60.0,1.0,1.0,Manual Review,0.5566,Medium,30.36
500.0,512.0,0.131,103.0,36.0,1.0,2.0,604.8,48.0,0.0,0.0,Manual Review,0.5806,Medium,158.01
500.0,630.0,0.328,14.0,28.0,1.0,1.0,79.1,36.0,0.0,0.0,Manual Review,0.5184,Medium,18.45
467.7,775.0,0.309,29.0,18.0,0.0,3.0,1303.4,48.0,0.0,1.0,Manual Review,0.5993,Medium,351.49
500.0,539.0,0.443,3.0,45.0,2.0,2.0,2000.0,84.0,1.0,0.0,Rejected,0.6287,High,565.85
292.1,565.0,0.452,8.0,48.0,0.0,1.0,157.5,84.0,0.0,0.0,Manual Review,0.5677,Medium,40.23
500.0,661.0,0.177,19.0,54.0,2.0,2.0,1044.6,24.0,0.0,1.0,Manual Review,0.5946,Medium,279.52
497.8,634.0,0.066,8.0,52.0,2.0,4.0,595.1,36.0,0.0,0.0,Rejected,0.614,High,164.42
420.4,648.0,0.266,75.0,28.0,0.0,0.0,301.7,48.0,0.0,1.0,Manual Review,0.5461,Medium,74.15
500.0,659.0,0.35,6.0,53.0,0.0,3.0,313.2,120.0,0.0,1.0,Manual Review,0.5744,Medium,80.95
383.9,670.0,0.516,21.0,54.0,0.0,1.0,759.8,60.0,0.0,0.0,Manual Review,0.5972,Medium,204.19
270.0,708.0,0.11,33.0,34.0,2.0,3.0,435.9,36.0,0.0,1.0,Manual Review,0.5693,Medium,111.67
250.7,652.0,0.063,42.0,38.0,0.0,0.0,56.5,12.0,0.0,1.0,Manual Review,0.541,Medium,13.76
500.0,600.0,0.133,17.0,26.0,0.0,0.0,2000.0,48.0,1.0,0.0,Rejected,0.6207,High,558.67
287.8,673.0,0.058,73.0,55.0,0.0,1.0,636.5,24.0,0.0,1.0,Manual Review,0.5976,Medium,171.17
500.0,771.0,0.325,30.0,19.0,0.0,4.0,431.7,60.0,0.0,1.0,Manual Review,0.5409,Medium,105.09
192.8,609.0,0.289,20.0,44.0,3.0,2.0,253.3,60.0,1.0,0.0,Rejected,0.7954,High,90.67
500.0,542.0,0.353,2.0,30.0,1.0,3.0,386.9,48.0,0.0,0.0,Manual Review,0.5519,Medium,96.08
500.0,708.0,0.134,22.0,24.0,0.0,2.0,1242.4,36.0,0.0,1.0,Manual Review,0.5831,Medium,326.0
500.0,610.0,0.407,61.0,18.0,1.0,4.0,554.9,84.0,1.0,0.0,Rejected,0.7271,High,181.57
415.8,446.0,0.156,34.0,35.0,1.0,5.0,607.7,36.0,0.0,0.0,Rejected,0.7936,High,217.02
500.0,687.0,0.297,64.0,22.0,0.0,2.0,165.7,36.0,0.0,1.0,Manual Review,0.519,Medium,38.7
500.0,577.0,0.643,24.0,38.0,0.0,1.0,340.3,84.0,1.0,1.0,Manual Review,0.5618,Medium,86.03
500.0,612.0,0.142,4.0,59.0,1.0,2.0,468.8,60.0,1.0,0.0,Manual Review,0.5933,Medium,125.17
500.0,646.0,0.167,0.0,40.0,2.0,2.0,785.8,60.0,0.0,0.0,Rejected,0.7602,High,268.8
500.0,635.0,0.13,13.0,61.0,2.0,1.0,322.7,24.0,0.0,0.0,Manual Review,0.5865,Medium,85.17
455.2,676.0,0.178,43.0,26.0,1.0,3.0,945.5,24.0,0.0,1.0,Manual Review,0.5735,Medium,244.0
500.0,585.0,0.171,56.0,22.0,0.0,2.0,180.2,12.0,0.0,1.0,Manual Review,0.5205,Medium,42.21
500.0,661.0,0.185,12.0,25.0,5.0,3.0,475.8,36.0,0.0,1.0,Manual Review,0.5521,Medium,118.21
232.2,599.0,0.219,24.0,37.0,2.0,0.0,416.3,60.0,0.0,0.0,Manual Review,0.5869,Medium,109.94
278.2,679.0,0.338,19.0,70.0,1.0,1.0,133.9,36.0,1.0,1.0,Manual Review,0.5958,Medium,35.9
500.0,669.0,0.46,19.0,18.0,1.0,1.0,433.2,60.0,1.0,0.0,Manual Review,0.5407,Medium,105.41
500.0,545.0,0.301,9.0,45.0,1.0,1.0,282.4,36.0,0.0,0.0,Manual Review,0.5644,Medium,71.73
498.0,706.0,0.241,5.0,29.0,0.0,1.0,1394.7,36.0,0.0,1.0,Rejected,0.6096,High,382.6
500.0,577.0,0.042,7.0,35.0,1.0,0.0,324.2,120.0,0.0,0.0,Manual Review,0.5589,Medium,81.53
500.0,684.0,0.649,2.0,22.0,1.0,1.0,595.9,36.0,0.0,0.0,Manual Review,0.5571,Medium,149.39
416.8,649.0,0.281,7.0,48.0,0.0,3.0,168.1,36.0,0.0,0.0,Manual Review,0.5613,Medium,42.46
370.0,767.0,0.291,0.0,37.0,0.0,4.0,543.9,36.0,1.0,1.0,Rejected,0.797,High,195.07
500.0,602.0,0.546,35.0,51.0,1.0,1.0,322.9,24.0,0.0,1.0,Manual Review,0.5756,Medium,83.64
334.8,592.0,0.19,13.0,40.0,1.0,0.0,241.9,48.0,1.0,1.0,Manual Review,0.5671,Medium,61.74
500.0,618.0,0.249,130.0,18.0,0.0,1.0,2000.0,36.0,0.0,1.0,Rejected,0.6139,High,552.52
233.1,595.0,0.439,7.0,51.0,0.0,0.0,339.2,60.0,0.0,0.0,Rejected,0.8103,High,123.69
500.0,683.0,0.464,15.0,18.0,0.0,1.0,379.9,60.0,0.0,0.0,Manual Review,0.5359,Medium,91.61
500.0,490.0,0.267,15.0,18.0,2.0,2.0,926.1,48.0,0.0,0.0,Manual Review,0.569,Medium,237.11
500.0,535.0,0.282,0.0,26.0,0.0,3.0,243.4,12.0,1.0,0.0,Manual Review,0.534,Medium,58.49
500.0,534.0,0.569,65.0,27.0,0.0,2.0,621.5,48.0,1.0,1.0,Manual Review,0.5658,Medium,158.23
500.0,696.0,0.224,1.0,54.0,2.0,0.0,677.0,24.0,0.0,1.0,Rejected,0.7929,High,241.56
500.0,756.0,0.231,101.0,35.0,1.0,0.0,547.4,48.0,0.0,1.0,Rejected,0.7555,High,186.11
217.5,611.0,0.353,80.0,52.0,0.0,1.0,2000.0,60.0,0.0,1.0,Rejected,0.6309,High,567.79
288.0,606.0,0.232,27.0,31.0,1.0,1.0,236.5,24.0,1.0,0.0,Manual Review,0.5549,Medium,59.06
399.5,625.0,0.238,28.0,41.0,1.0,4.0,1540.0,60.0,1.0,0.0,Rejected,0.628,High,435.19
500.0,712.0,0.365,38.0,43.0,1.0,1.0,656.6,84.0,0.0,1.0,Rejected,0.7909,High,233.69
500.0,545.0,0.413,17.0,46.0,1.0,2.0,931.7,60.0,0.0,0.0,Manual Review,0.5922,Medium,248.28
379.8,639.0,0.141,37.0,32.0,3.0,0.0,591.4,36.0,0.0,0.0,Rejected,0.635,High,168.99
500.0,698.0,0.279,1.0,33.0,1.0,3.0,2000.0,48.0,0.0,1.0,Rejected,0.6205,High,558.48
374.2,660.0,0.477,2.0,34.0,0.0,1.0,348.4,84.0,0.0,0.0,Manual Review,0.5706,Medium,89.46
402.2,635.0,0.362,21.0,18.0,0.0,1.0,670.0,36.0,0.0,0.0,Manual Review,0.5541,Medium,167.06
270.2,700.0,0.296,28.0,36.0,0.0,2.0,1279.0,60.0,1.0,1.0,Rejected,0.6264,High,360.5
344.1,403.0,0.346,78.0,33.0,1.0,3.0,287.8,12.0,0.0,0.0,Manual Review,0.5614,Medium,72.7
277.8,674.0,0.108,3.0,44.0,1.0,0.0,1002.0,12.0,0.0,1.0,Rejected,0.6277,High,283.04
335.2,567.0,0.227,62.0,39.0,1.0,3.0,443.4,60.0,1.0,0.0,Rejected,0.7882,High,157.28
500.0,473.0,0.151,8.0,54.0,0.0,4.0,167.6,60.0,0.0,0.0,Manual Review,0.5621,Medium,42.4
339.6,660.0,0.295,18.0,38.0,1.0,5.0,140.9,60.0,0.0,1.0,Manual Review,0.5501,Medium,34.88
500.0,729.0,0.536,13.0,31.0,3.0,0.0,418.5,84.0,0.0,0.0,Manual Review,0.5551,Medium,104.53
500.0,609.0,0.138,18.0,38.0,0.0,0.0,994.4,24.0,0.0,0.0,Manual Review,0.5878,Medium,263.02
500.0,696.0,0.264,5.0,46.0,0.0,0.0,85.3,36.0,0.0,1.0,Manual Review,0.5463,Medium,20.97
355.5,748.0,0.167,25.0,18.0,0.0,0.0,528.4,84.0,0.0,1.0,Rejected,0.7746,High,184.18
500.0,725.0,0.129,58.0,29.0,0.0,1.0,919.0,24.0,1.0,1.0,Manual Review,0.5756,Medium,238.05
409.4,751.0,0.327,20.0,29.0,1.0,1.0,161.9,60.0,0.0,1.0,Manual Review,0.5314,Medium,38.72
500.0,679.0,0.116,24.0,42.0,2.0,0.0,271.0,48.0,1.0,1.0,Manual Review,0.5596,Medium,68.24
500.0,626.0,0.338,68.0,44.0,0.0,0.0,711.5,24.0,0.0,1.0,Rejected,0.7781,High,249.14
500.0,491.0,0.36,44.0,39.0,0.0,2.0,887.4,36.0,1.0,1.0,Manual Review,0.5863,Medium,234.13
500.0,600.0,0.174,24.0,18.0,1.0,3.0,1624.1,48.0,0.0,0.0,Rejected,0.6083,High,444.59
384.1,552.0,0.278,10.0,18.0,1.0,3.0,281.6,84.0,0.0,0.0,Manual Review,0.5349,Medium,67.79
500.0,793.0,0.674,77.0,35.0,2.0,0.0,234.4,60.0,0.0,1.0,Manual Review,0.5505,Medium,58.07
500.0,605.0,0.036,30.0,31.0,0.0,4.0,1688.5,48.0,0.0,1.0,Rejected,0.6187,High,470.14
399.1,629.0,0.224,8.0,38.0,0.0,2.0,246.0,48.0,0.0,0.0,Manual Review,0.5592,Medium,61.91
500.0,664.0,0.598,11.0,32.0,1.0,1.0,675.4,36.0,1.0,0.0,Rejected,0.7565,High,229.92
500.0,623.0,0.347,58.0,56.0,0.0,0.0,2000.0,24.0,0.0,1.0,Rejected,0.6362,High,572.54
412.1,755.0,0.403,1.0,18.0,0.0,2.0,821.9,36.0,0.0,0.0,Manual Review,0.5697,Medium,210.69
500.0,570.0,0.528,174.0,41.0,0.0,1.0,842.2,12.0,0.0,1.0,Manual Review,0.5794,Medium,219.57
500.0,635.0,0.46,5.0,47.0,1.0,2.0,1251.2,36.0,1.0,0.0,Manual Review,0.5984,Medium,336.93
500.0,560.0,0.335,57.0,46.0,1.0,3.0,684.9,36.0,0.0,0.0,Rejected,0.7796,High,240.29
249.0,514.0,0.39,18.0,47.0,2.0,2.0,845.5,36.0,1.0,0.0,Rejected,0.6275,High,238.75
379.6,571.0,0.147,24.0,49.0,1.0,4.0,342.2,12.0,1.0,0.0,Manual Review,0.5849,Medium,90.06
482.4,617.0,0.234,76.0,30.0,0.0,2.0,1138.4,48.0,0.0,1.0,Manual Review,0.5872,Medium,300.81
500.0,585.0,0.536,19.0,24.0,1.0,0.0,626.5,48.0,0.0,0.0,Manual Review,0.5626,Medium,158.6
500.0,564.0,0.546,27.0,18.0,1.0,2.0,138.0,24.0,1.0,0.0,Manual Review,0.5117,Medium,31.78
500.0,507.0,0.293,1.0,33.0,1.0,0.0,546.6,84.0,0.0,0.0,Rejected,0.7497,High,184.39
280.0,613.0,0.261,0.0,28.0,1.0,3.0,79.3,24.0,0.0,0.0,Manual Review,0.5256,Medium,18.76
500.0,499.0,0.146,10.0,51.0,1.0,0.0,796.8,84.0,1.0,0.0,Manual Review,0.5809,Medium,208.29
500.0,680.0,0.384,41.0,34.0,0.0,1.0,373.4,12.0,1.0,1.0,Manual Review,0.5627,Medium,94.55
500.0,626.0,0.037,4.0,25.0,1.0,0.0,2000.0,84.0,1.0,0.0,Rejected,0.6182,High,556.42
500.0,503.0,0.153,4.0,23.0,2.0,2.0,665.9,12.0,0.0,0.0,Rejected,0.7654,High,229.35
500.0,595.0,0.329,19.0,61.0,0.0,0.0,942.7,60.0,0.0,0.0,Rejected,0.6093,High,258.48
500.0,559.0,0.303,37.0,37.0,1.0,1.0,194.4,36.0,0.0,0.0,Manual Review,0.5478,Medium,47.92
500.0,645.0,0.266,44.0,28.0,1.0,0.0,778.3,60.0,0.0,0.0,Rejected,0.6286,High,220.14
238.0,727.0,0.239,7.0,39.0,0.0,1.0,269.6,36.0,0.0,1.0,Rejected,0.6747,High,81.85
500.0,469.0,0.067,2.0,60.0,0.0,3.0,1076.9,24.0,0.0,0.0,Manual Review,0.5988,Medium,290.2
500.0,629.0,0.542,101.0,33.0,0.0,2.0,184.0,60.0,0.0,1.0,Manual Review,0.5395,Medium,44.67
500.0,607.0,0.167,10.0,46.0,0.0,0.0,491.4,24.0,1.0,0.0,Manual Review,0.5814,Medium,128.55
288.4,673.0,0.313,69.0,52.0,0.0,1.0,178.2,84.0,1.0,1.0,Manual Review,0.5757,Medium,46.17
318.0,637.0,0.575,71.0,18.0,2.0,2.0,497.7,24.0,1.0,0.0,Rejected,0.7348,High,164.57
500.0,559.0,0.425,53.0,30.0,2.0,1.0,2000.0,48.0,0.0,0.0,Rejected,0.6207,High,558.65
500.0,594.0,0.603,6.0,50.0,2.0,1.0,801.5,60.0,0.0,0.0,Manual Review,0.5832,Medium,210.33
500.0,556.0,0.164,62.0,29.0,0.0,1.0,438.5,36.0,1.0,1.0,Manual Review,0.5533,Medium,109.18
500.0,706.0,0.209,52.0,42.0,0.0,0.0,62.8,36.0,0.0,1.0,Manual Review,0.5395,Medium,15.25
500.0,621.0,0.481,32.0,28.0,1.0,1.0,293.2,60.0,0.0,0.0,Manual Review,0.5399,Medium,71.23
500.0,772.0,0.251,14.0,32.0,1.0,0.0,658.0,60.0,0.0,1.0,Rejected,0.7755,High,229.64
421.8,615.0,0.137,10.0,31.0,1.0,0.0,299.1,84.0,0.0,0.0,Manual Review,0.5497,Medium,73.99
500.0,563.0,0.625,4.0,45.0,0.0,2.0,1409.7,36.0,0.0,0.0,Rejected,0.6181,High,392.1
433.3,498.0,0.192,25.0,40.0,0.0,1.0,476.6,48.0,1.0,1.0,Rejected,0.76,High,162.99
439.4,475.0,0.299,31.0,39.0,0.0,2.0,1066.7,36.0,1.0,1.0,Manual Review,0.5989,Medium,287.49
467.8,493.0,0.268,16.0,68.0,0.0,2.0,530.3,36.0,0.0,0.0,Rejected,0.7198,High,171.77
500.0,641.0,0.314,23.0,58.0,1.0,1.0,360.9,60.0,0.0,0.0,Manual Review,0.5847,Medium,94.96
429.8,660.0,0.166,16.0,18.0,0.0,2.0,308.7,36.0,1.0,1.0,Manual Review,0.5341,Medium,74.2
500.0,493.0,0.035,36.0,32.0,1.0,0.0,200.3,36.0,0.0,0.0,Manual Review,0.5405,Medium,48.72
349.1,691.0,0.346,83.0,67.0,2.0,0.0,1082.2,36.0,0.0,1.0,Rejected,0.6422,High,312.76
497.3,581.0,0.348,6.0,31.0,0.0,5.0,319.6,60.0,1.0,0.0,Manual Review,0.5465,Medium,78.6
438.2,631.0,0.082,17.0,63.0,0.0,0.0,683.5,84.0,1.0,0.0,Rejected,0.7905,High,243.14
500.0,748.0,0.216,5.0,32.0,2.0,0.0,295.6,60.0,1.0,1.0,Manual Review,0.5497,Medium,73.12
500.0,691.0,0.083,35.0,35.0,1.0,1.0,189.2,48.0,0.0,1.0,Manual Review,0.5461,Medium,46.5
500.0,598.0,0.417,46.0,48.0,2.0,0.0,701.7,60.0,0.0,0.0,Rejected,0.7813,High,246.72
259.8,548.0,0.088,96.0,36.0,2.0,0.0,247.7,48.0,1.0,0.0,Manual Review,0.5726,Medium,63.82
500.0,447.0,0.353,11.0,43.0,0.0,0.0,326.7,24.0,0.0,0.0,Manual Review,0.5649,Medium,83.05
500.0,562.0,0.382,107.0,56.0,1.0,1.0,165.8,24.0,1.0,0.0,Manual Review,0.566,Medium,42.23
500.0,603.0,0.254,2.0,47.0,1.0,2.0,303.4,12.0,0.0,0.0,Manual Review,0.5671,Medium,77.42
500.0,541.0,0.607,33.0,39.0,1.0,0.0,458.9,48.0,1.0,0.0,Manual Review,0.5718,Medium,118.09
421.6,609.0,0.019,2.0,58.0,0.0,1.0,357.6,60.0,0.0,0.0,Manual Review,0.5896,Medium,94.88
500.0,626.0,0.419,80.0,48.0,2.0,1.0,866.1,36.0,0.0,0.0,Manual Review,0.5927,Medium,231.0
500.0,602.0,0.34,27.0,29.0,0.0,2.0,505.7,36.0,0.0,1.0,Rejected,0.7202,High,163.9
455.4,567.0,0.485,39.0,61.0,0.0,1.0,2000.0,84.0,0.0,1.0,Rejected,0.6395,High,575.56
437.0,633.0,0.615,64.0,45.0,0.0,1.0,632.0,60.0,0.0,1.0,Rejected,0.8022,High,228.16
500.0,655.0,0.282,5.0,35.0,0.0,3.0,112.3,60.0,0.0,1.0,Manual Review,0.5384,Medium,27.21
500.0,532.0,0.239,1.0,18.0,2.0,1.0,379.6,36.0,1.0,0.0,Manual Review,0.5358,Medium,91.53
420.4,732.0,0.537,75.0,21.0,2.0,0.0,406.8,24.0,0.0,1.0,Manual Review,0.5463,Medium,100.0
442.5,612.0,0.169,13.0,58.0,1.0,0.0,275.5,12.0,0.0,0.0,Manual Review,0.5809,Medium,72.02
474.2,621.0,0.422,4.0,58.0,1.0,0.0,477.0,24.0,0.0,0.0,Manual Review,0.5996,Medium,128.71
278.8,676.0,0.326,22.0,39.0,0.0,2.0,269.0,36.0,1.0,1.0,Manual Review,0.5741,Medium,69.49
344.9,638.0,0.567,32.0,18.0,2.0,5.0,587.4,48.0,0.0,0.0,Manual Review,0.5577,Medium,147.42
330.5,696.0,0.071,1.0,24.0,1.0,4.0,97.8,24.0,0.0,0.0,Manual Review,0.5238,Medium,23.05
371.9,642.0,0.062,11.0,18.0,1.0,1.0,1124.1,24.0,1.0,0.0,Rejected,0.6042,High,305.63
500.0,571.0,0.208,1.0,18.0,2.0,0.0,127.3,24.0,0.0,0.0,Manual Review,0.5106,Medium,29.25
500.0,648.0,0.278,19.0,62.0,1.0,3.0,364.5,48.0,0.0,1.0,Manual Review,0.5989,Medium,98.24
500.0,528.0,0.388,81.0,62.0,0.0,3.0,250.5,48.0,0.0,1.0,Manual Review,0.5898,Medium,66.49
331.4,628.0,0.137,145.0,24.0,3.0,2.0,574.9,48.0,1.0,0.0,Manual Review,0.5671,Medium,146.71
500.0,617.0,0.043,36.0,37.0,0.0,0.0,388.7,36.0,0.0,1.0,Manual Review,0.5654,Medium,98.9
490.6,603.0,0.703,6.0,22.0,1.0,1.0,550.5,36.0,1.0,0.0,Rejected,0.6016,High,149.03
500.0,609.0,0.203,85.0,37.0,1.0,1.0,1094.9,24.0,1.0,0.0,Manual Review,0.5855,Medium,288.5
500.0,469.0,0.464,26.0,57.0,1.0,2.0,832.4,36.0,0.0,0.0,Manual Review,0.5929,Medium,222.08
311.4,576.0,0.12,6.0,50.0,0.0,4.0,463.4,84.0,1.0,1.0,Rejected,0.8105,High,169.02
500.0,627.0,0.228,91.0,47.0,0.0,1.0,650.0,120.0,0.0,1.0,Rejected,0.7978,High,233.35
500.0,632.0,0.09,50.0,35.0,1.0,1.0,2000.0,48.0,0.0,0.0,Rejected,0.6254,High,562.86
500.0,537.0,0.649,47.0,53.0,0.0,1.0,856.5,84.0,0.0,1.0,Manual Review,0.5919,Medium,228.15
500.0,721.0,0.186,44.0,45.0,1.0,2.0,355.9,48.0,1.0,1.0,Manual Review,0.5707,Medium,91.39
500.0,550.0,0.07,8.0,42.0,1.0,2.0,1251.0,12.0,0.0,0.0,Manual Review,0.5971,Medium,336.15
396.9,697.0,0.545,8.0,36.0,0.0,3.0,615.5,120.0,0.0,0.0,Rejected,0.641,High,177.53
418.7,654.0,0.208,41.0,41.0,1.0,0.0,208.3,24.0,0.0,1.0,Manual Review,0.5574,Medium,52.25
399.8,568.0,0.585,8.0,41.0,0.0,0.0,389.5,60.0,0.0,0.0,Manual Review,0.5772,Medium,101.16
413.6,762.0,0.343,20.0,31.0,0.0,3.0,138.6,36.0,0.0,1.0,Manual Review,0.532,Medium,33.18
397.0,524.0,0.287,54.0,28.0,1.0,0.0,72.3,36.0,0.0,0.0,Manual Review,0.52,Medium,16.92
500.0,693.0,0.42,55.0,26.0,1.0,2.0,210.7,48.0,0.0,1.0,Manual Review,0.5308,Medium,50.33
500.0,700.0,0.157,21.0,26.0,0.0,1.0,496.5,36.0,0.0,1.0,Manual Review,0.5567,Medium,124.39
410.4,566.0,0.195,56.0,35.0,1.0,1.0,497.6,36.0,0.0,1.0,Manual Review,0.578,Medium,129.42
360.1,731.0,0.301,65.0,33.0,1.0,1.0,145.5,36.0,0.0,0.0,Manual Review,0.5417,Medium,35.47
500.0,599.0,0.417,38.0,30.0,1.0,1.0,67.1,36.0,1.0,0.0,Manual Review,0.5208,Medium,15.73
414.3,643.0,0.279,9.0,29.0,1.0,0.0,1459.8,120.0,1.0,0.0,Rejected,0.6195,High,406.94
500.0,640.0,0.044,11.0,41.0,0.0,2.0,485.7,60.0,0.0,0.0,Manual Review,0.5768,Medium,126.08
500.0,609.0,0.309,13.0,54.0,0.0,3.0,1562.4,48.0,0.0,0.0,Rejected,0.6301,High,442.99
255.9,684.0,0.22,4.0,37.0,0.0,3.0,1492.7,24.0,1.0,1.0,Rejected,0.6285,High,422.2
500.0,683.0,0.278,11.0,37.0,0.0,1.0,810.1,60.0,1.0,1.0,Manual Review,0.5724,Medium,208.67
500.0,480.0,0.248,8.0,26.0,1.0,2.0,471.9,24.0,0.0,0.0,Manual Review,0.5547,Medium,117.8
401.9,724.0,0.244,21.0,35.0,2.0,2.0,327.4,36.0,0.0,1.0,Manual Review,0.5663,Medium,83.43
449.8,487.0,0.287,86.0,52.0,0.0,2.0,799.8,36.0,0.0,1.0,Manual Review,0.5979,Medium,215.21
500.0,702.0,0.457,3.0,50.0,1.0,1.0,396.1,84.0,0.0,0.0,Manual Review,0.581,Medium,103.55
500.0,710.0,0.116,45.0,49.0,1.0,3.0,280.8,24.0,0.0,0.0,Manual Review,0.571,Medium,72.15
500.0,532.0,0.213,41.0,49.0,0.0,1.0,84.0,24.0,1.0,1.0,Manual Review,0.5527,Medium,20.89
500.0,587.0,0.109,3.0,43.0,1.0,1.0,421.1,48.0,0.0,0.0,Manual Review,0.5726,Medium,108.51
499.8,531.0,0.207,92.0,42.0,2.0,1.0,1082.2,36.0,0.0,0.0,Manual Review,0.5851,Medium,284.93
366.3,602.0,0.279,30.0,40.0,0.0,1.0,1232.6,48.0,1.0,1.0,Rejected,0.6286,High,348.66
273.9,595.0,0.117,16.0,32.0,1.0,3.0,469.7,48.0,1.0,0.0,Manual Review,0.5688,Medium,120.22
378.8,682.0,0.315,50.0,39.0,0.0,1.0,221.1,36.0,1.0,1.0,Manual Review,0.5582,Medium,55.54
500.0,724.0,0.316,10.0,40.0,1.0,3.0,926.7,24.0,1.0,1.0,Manual Review,0.5905,Medium,246.24
500.0,731.0,0.134,42.0,45.0,0.0,4.0,444.6,24.0,0.0,1.0,Manual Review,0.5776,Medium,115.56
421.5,575.0,0.223,1.0,39.0,0.0,1.0,335.9,60.0,1.0,0.0,Manual Review,0.5672,Medium,85.74
500.0,603.0,0.044,65.0,63.0,1.0,2.0,140.4,84.0,1.0,1.0,Manual Review,0.581,Medium,36.71
500.0,485.0,0.137,21.0,23.0,1.0,0.0,2000.0,36.0,0.0,0.0,Rejected,0.6157,High,554.17
500.0,555.0,0.194,36.0,47.0,2.0,3.0,812.5,24.0,0.0,0.0,Manual Review,0.5774,Medium,211.11
500.0,697.0,0.175,9.0,37.0,0.0,1.0,885.8,24.0,0.0,1.0,Manual Review,0.586,Medium,233.59
418.7,749.0,0.059,40.0,38.0,0.0,2.0,225.7,48.0,1.0,1.0,Manual Review,0.5557,Medium,56.44
427.5,521.0,0.102,53.0,28.0,1.0,1.0,479.7,60.0,0.0,0.0,Rejected,0.6066,High,130.94
500.0,572.0,0.222,23.0,50.0,0.0,2.0,421.7,36.0,0.0,0.0,Manual Review,0.5829,Medium,110.62
500.0,617.0,0.5,34.0,45.0,1.0,1.0,841.4,60.0,0.0,0.0,Manual Review,0.5805,Medium,219.79
500.0,642.0,0.401,21.0,48.0,0.0,4.0,1335.7,60.0,0.0,0.0,Rejected,0.6201,High,372.72
500.0,555.0,0.271,80.0,40.0,0.0,1.0,142.9,84.0,0.0,1.0,Manual Review,0.5467,Medium,35.15
456.2,653.0,0.362,24.0,34.0,1.0,1.0,190.5,24.0,0.0,1.0,Manual Review,0.5476,Medium,46.95
500.0,582.0,0.525,66.0,37.0,0.0,1.0,754.5,24.0,1.0,1.0,Rejected,0.7979,High,270.9
500.0,618.0,0.094,58.0,43.0,0.0,2.0,299.8,24.0,0.0,1.0,Manual Review,0.5626,Medium,75.9
500.0,663.0,0.542,19.0,18.0,0.0,0.0,863.8,84.0,0.0,0.0,Manual Review,0.5632,Medium,218.91
500.0,620.0,0.376,9.0,48.0,1.0,1.0,333.9,60.0,0.0,0.0,Manual Review,0.5725,Medium,86.03
500.0,585.0,0.457,18.0,67.0,1.0,2.0,165.7,48.0,0.0,0.0,Manual Review,0.5869,Medium,43.76
500.0,611.0,0.101,62.0,43.0,1.0,1.0,110.2,24.0,0.0,0.0,Manual Review,0.5448,Medium,27.02
500.0,612.0,0.198,9.0,34.0,1.0,1.0,663.0,36.0,0.0,1.0,Rejected,0.7841,High,233.92
500.0,590.0,0.442,26.0,36.0,0.0,3.0,676.1,36.0,0.0,1.0,Rejected,0.7654,High,232.87
500.0,599.0,0.255,59.0,46.0,2.0,1.0,978.1,48.0,0.0,0.0,Manual Review,0.589,Medium,259.22
500.0,747.0,0.231,15.0,34.0,1.0,1.0,585.1,36.0,0.0,1.0,Rejected,0.6932,High,182.51
500.0,664.0,0.527,37.0,48.0,1.0,1.0,22.3,24.0,0.0,1.0,Manual Review,0.5435,Medium,5.45
362.9,596.0,0.233,10.0,35.0,1.0,4.0,673.3,60.0,0.0,0.0,Manual Review,0.5851,Medium,177.27
500.0,675.0,0.311,4.0,58.0,0.0,0.0,140.3,36.0,0.0,1.0,Manual Review,0.5657,Medium,35.71
448.5,593.0,0.525,56.0,58.0,1.0,2.0,101.0,48.0,0.0,0.0,Manual Review,0.5632,Medium,25.6
500.0,713.0,0.56,3.0,34.0,0.0,4.0,91.7,24.0,1.0,0.0,Manual Review,0.5357,Medium,22.11
500.0,649.0,0.13,11.0,37.0,1.0,0.0,85.2,60.0,1.0,0.0,Manual Review,0.5368,Medium,20.58
500.0,611.0,0.227,69.0,37.0,0.0,2.0,562.6,48.0,0.0,1.0,Rejected,0.6252,High,158.28
500.0,655.0,0.394,15.0,37.0,0.0,1.0,250.8,84.0,0.0,1.0,Manual Review,0.5532,Medium,62.43
276.6,494.0,0.597,130.0,26.0,1.0,0.0,133.5,48.0,0.0,0.0,Manual Review,0.5345,Medium,32.11
500.0,529.0,0.133,140.0,24.0,2.0,1.0,458.5,84.0,0.0,0.0,Manual Review,0.5527,Medium,114.04
500.0,524.0,0.403,11.0,52.0,2.0,0.0,185.8,84.0,1.0,0.0,Manual Review,0.5642,Medium,47.17
500.0,631.0,0.239,1.0,51.0,1.0,1.0,986.6,48.0,1.0,0.0,Manual Review,0.5936,Medium,263.56
468.1,758.0,0.521,43.0,50.0,2.0,1.0,1436.0,84.0,1.0,1.0,Rejected,0.6263,High,404.69
500.0,798.0,0.145,21.0,37.0,0.0,0.0,378.2,36.0,1.0,1.0,Manual Review,0.5645,Medium,96.08
500.0,671.0,0.53,3.0,60.0,0.0,2.0,1354.6,36.0,1.0,0.0,Rejected,0.6297,High,383.83
500.0,660.0,0.391,44.0,37.0,0.0,0.0,1352.8,12.0,0.0,1.0,Rejected,0.6167,High,375.44
500.0,475.0,0.213,1.0,48.0,0.0,3.0,481.6,48.0,0.0,1.0,Manual Review,0.5838,Medium,126.52
500.0,576.0,0.069,73.0,21.0,2.0,1.0,1801.2,60.0,1.0,0.0,Rejected,0.6097,High,494.2
500.0,556.0,0.35,5.0,35.0,2.0,2.0,273.7,60.0,0.0,1.0,Manual Review,0.5542,Medium,68.26
500.0,570.0,0.254,4.0,36.0,1.0,1.0,94.2,24.0,0.0,0.0,Manual Review,0.5371,Medium,22.77
436.8,606.0,0.05,6.0,37.0,2.0,0.0,129.8,36.0,0.0,0.0,Manual Review,0.5435,Medium,31.74
500.0,582.0,0.539,116.0,22.0,1.0,0.0,263.8,24.0,1.0,0.0,Manual Review,0.5289,Medium,62.78
500.0,461.0,0.218,42.0,46.0,0.0,0.0,690.1,60.0,0.0,1.0,Rejected,0.7799,High,242.2
326.8,679.0,0.512,58.0,50.0,1.0,2.0,178.7,24.0,0.0,1.0,Manual Review,0.5713,Medium,45.94
500.0,534.0,0.364,18.0,29.0,0.0,4.0,262.1,84.0,1.0,0.0,Manual Review,0.5375,Medium,63.39
384.7,639.0,0.545,14.0,24.0,3.0,4.0,165.6,36.0,1.0,0.0,Manual Review,0.5305,Medium,39.53
500.0,785.0,0.021,9.0,28.0,0.0,1.0,267.0,36.0,1.0,1.0,Manual Review,0.5374,Medium,64.57
254.9,546.0,0.304,23.0,43.0,1.0,1.0,1317.7,84.0,0.0,0.0,Rejected,0.6297,High,373.4
412.9,417.0,0.652,28.0,30.0,1.0,2.0,599.1,48.0,0.0,0.0,Rejected,0.7842,High,211.41
500.0,597.0,0.141,35.0,36.0,4.0,2.0,283.7,12.0,1.0,0.0,Manual Review,0.5557,Medium,70.94
500.0,708.0,0.299,10.0,25.0,2.0,3.0,1194.9,48.0,0.0,1.0,Manual Review,0.5819,Medium,312.88
500.0,776.0,0.094,106.0,61.0,1.0,3.0,459.4,24.0,0.0,1.0,Manual Review,0.5966,Medium,123.34
413.6,521.0,0.636,6.0,38.0,1.0,2.0,500.9,120.0,0.0,0.0,Manual Review,0.5815,Medium,131.08
500.0,659.0,0.218,121.0,51.0,0.0,1.0,1122.9,48.0,0.0,0.0,Manual Review,0.5939,Medium,300.12
264.7,582.0,0.315,0.0,43.0,1.0,3.0,342.2,36.0,0.0,0.0,Rejected,0.7907,High,121.77
181.8,611.0,0.261,23.0,37.0,0.0,2.0,936.8,48.0,0.0,0.0,Rejected,0.6288,High,265.1
500.0,831.0,0.422,14.0,36.0,0.0,0.0,884.8,24.0,0.0,0.0,Manual Review,0.5832,Medium,232.22
424.8,499.0,0.171,21.0,29.0,0.0,3.0,400.6,60.0,1.0,0.0,Manual Review,0.5562,Medium,100.26
327.7,640.0,0.257,30.0,32.0,0.0,2.0,147.3,84.0,0.0,1.0,Manual Review,0.5434,Medium,36.02
500.0,657.0,0.265,20.0,25.0,3.0,3.0,454.7,84.0,0.0,1.0,Manual Review,0.5504,Medium,112.61
500.0,706.0,0.061,19.0,24.0,0.0,1.0,1117.9,36.0,0.0,1.0,Manual Review,0.5692,Medium,286.33
411.8,627.0,0.04,47.0,63.0,2.0,1.0,867.2,36.0,0.0,0.0,Rejected,0.6053,High,236.2
287.8,644.0,0.335,41.0,41.0,3.0,1.0,1768.1,12.0,1.0,0.0,Rejected,0.6289,High,500.36
500.0,588.0,0.046,64.0,55.0,1.0,0.0,304.0,60.0,0.0,0.0,Manual Review,0.5775,Medium,79.0
500.0,641.0,0.229,10.0,28.0,0.0,0.0,839.6,48.0,1.0,0.0,Manual Review,0.5639,Medium,213.07
500.0,592.0,0.128,33.0,22.0,0.0,3.0,201.2,48.0,0.0,1.0,Manual Review,0.5226,Medium,47.32
500.0,669.0,0.288,31.0,26.0,0.0,0.0,528.9,84.0,0.0,1.0,Rejected,0.7344,High,174.8
319.8,590.0,0.415,16.0,32.0,0.0,1.0,1089.8,24.0,0.0,1.0,Rejected,0.619,High,303.57
254.6,650.0,0.413,23.0,38.0,0.0,4.0,929.4,12.0,0.0,0.0,Rejected,0.6273,High,262.35
386.3,617.0,0.324,13.0,36.0,3.0,2.0,488.8,24.0,0.0,0.0,Rejected,0.7805,High,171.69
500.0,710.0,0.314,5.0,28.0,2.0,1.0,363.2,36.0,0.0,1.0,Manual Review,0.5463,Medium,89.29
500.0,615.0,0.44,8.0,39.0,2.0,3.0,203.1,12.0,0.0,0.0,Manual Review,0.5496,Medium,50.24
483.9,478.0,0.321,4.0,40.0,2.0,2.0,375.7,48.0,1.0,0.0,Manual Review,0.569,Medium,96.2
500.0,720.0,0.181,41.0,46.0,0.0,1.0,157.8,36.0,1.0,1.0,Manual Review,0.5535,Medium,39.3
292.0,547.0,0.046,38.0,55.0,0.0,0.0,342.0,24.0,0.0,1.0,Rejected,0.7225,High,111.19
500.0,567.0,0.486,108.0,33.0,0.0,0.0,106.1,60.0,0.0,1.0,Manual Review,0.5316,Medium,25.38
500.0,572.0,0.652,47.0,52.0,1.0,3.0,156.7,36.0,0.0,0.0,Manual Review,0.5614,Medium,39.59
500.0,729.0,0.193,1.0,38.0,0.0,3.0,890.4,60.0,1.0,1.0,Manual Review,0.5864,Medium,234.96
500.0,449.0,0.206,77.0,19.0,1.0,1.0,814.5,36.0,0.0,0.0,Manual Review,0.553,Medium,202.69
500.0,850.0,0.041,71.0,59.0,0.0,3.0,357.2,48.0,0.0,1.0,Manual Review,0.5852,Medium,94.06
500.0,704.0,0.206,21.0,65.0,0.0,1.0,474.0,84.0,0.0,1.0,Rejected,0.6091,High,129.92
500.0,637.0,0.251,31.0,45.0,1.0,1.0,527.7,12.0,0.0,0.0,Rejected,0.7631,High,181.21
500.0,615.0,0.137,134.0,39.0,0.0,4.0,650.5,48.0,0.0,1.0,Rejected,0.7873,High,230.46
500.0,642.0,0.13,27.0,34.0,0.0,1.0,597.1,84.0,0.0,1.0,Manual Review,0.5818,Medium,156.33
500.0,661.0,0.272,84.0,32.0,2.0,2.0,154.5,48.0,1.0,1.0,Manual Review,0.5359,Medium,37.26
500.0,671.0,0.246,3.0,52.0,0.0,1.0,63.8,36.0,1.0,1.0,Manual Review,0.5523,Medium,15.86
500.0,664.0,0.141,7.0,37.0,1.0,1.0,199.5,36.0,0.0,1.0,Manual Review,0.5483,Medium,49.22
500.0,627.0,0.486,20.0,58.0,0.0,2.0,397.8,60.0,0.0,0.0,Manual Review,0.5875,Medium,105.17
389.3,604.0,0.015,31.0,38.0,2.0,2.0,970.3,84.0,0.0,0.0,Manual Review,0.5973,Medium,260.8
500.0,607.0,0.454,60.0,33.0,3.0,1.0,542.9,12.0,1.0,0.0,Rejected,0.7494,High,183.08
500.0,604.0,0.142,160.0,30.0,0.0,2.0,690.2,24.0,1.0,1.0,Rejected,0.7542,High,234.26
267.0,710.0,0.241,17.0,29.0,1.0,1.0,219.6,36.0,0.0,1.0,Manual Review,0.5516,Medium,54.51
500.0,667.0,0.334,1.0,44.0,2.0,1.0,425.3,36.0,0.0,1.0,Manual Review,0.5733,Medium,109.72
388.4,384.0,0.281,58.0,22.0,1.0,1.0,474.3,36.0,0.0,1.0,Manual Review,0.5584,Medium,119.19
500.0,672.0,0.206,33.0,28.0,2.0,2.0,245.9,36.0,0.0,0.0,Manual Review,0.5354,Medium,59.24
394.0,635.0,0.185,7.0,53.0,1.0,1.0,191.3,24.0,0.0,0.0,Manual Review,0.5686,Medium,48.95
436.8,618.0,0.246,24.0,26.0,1.0,1.0,375.4,24.0,1.0,0.0,Manual Review,0.5513,Medium,93.14
212.3,588.0,0.438,48.0,48.0,0.0,1.0,763.9,84.0,0.0,0.0,Rejected,0.6285,High,216.06
435.5,709.0,0.349,52.0,18.0,1.0,2.0,218.2,24.0,0.0,0.0,Manual Review,0.5235,Medium,51.4
162.5,695.0,0.118,24.0,55.0,0.0,1.0,381.0,36.0,1.0,1.0,Rejected,0.607,High,104.07
247.3,558.0,0.555,13.0,22.0,0.0,2.0,1330.7,36.0,0.0,0.0,Rejected,0.6108,High,365.74
500.0,652.0,0.077,131.0,27.0,0.0,0.0,297.1,84.0,1.0,1.0,Manual Review,0.5397,Medium,72.16
500.0,542.0,0.484,39.0,46.0,3.0,3.0,452.7,60.0,0.0,0.0,Manual Review,0.5786,Medium,117.86
500.0,509.0,0.368,18.0,41.0,1.0,1.0,413.6,60.0,1.0,0.0,Manual Review,0.5713,Medium,106.33
336.7,569.0,0.081,11.0,48.0,1.0,2.0,387.3,24.0,0.0,0.0,Rejected,0.6814,High,118.76
500.0,688.0,0.456,47.0,22.0,0.0,0.0,1710.0,60.0,0.0,1.0,Rejected,0.6088,High,468.43
500.0,696.0,0.374,9.0,34.0,1.0,0.0,574.8,36.0,0.0,1.0,Rejected,0.6605,High,170.84
305.9,661.0,0.34,6.0,30.0,2.0,2.0,128.2,36.0,0.0,1.0,Manual Review,0.5359,Medium,30.92
500.0,678.0,0.147,27.0,24.0,0.0,1.0,1528.7,48.0,0.0,1.0,Rejected,0.6115,High,420.63
500.0,661.0,0.267,12.0,45.0,2.0,0.0,560.8,60.0,1.0,1.0,Rejected,0.6383,High,161.08
488.9,568.0,0.16,35.0,49.0,0.0,1.0,333.8,60.0,1.0,1.0,Manual Review,0.5761,Medium,86.53
500.0,654.0,0.305,4.0,33.0,1.0,3.0,1324.8,84.0,0.0,1.0,Rejected,0.6083,High,362.66
500.0,684.0,0.104,38.0,56.0,0.0,2.0,241.4,84.0,0.0,1.0,Manual Review,0.5728,Medium,62.22
196.7,680.0,0.586,11.0,28.0,0.0,0.0,1775.8,36.0,1.0,0.0,Rejected,0.6148,High,491.33
482.5,715.0,0.283,0.0,55.0,4.0,1.0,485.0,36.0,1.0,1.0,Manual Review,0.5925,Medium,129.31
388.2,676.0,0.213,4.0,44.0,0.0,0.0,1006.1,12.0,0.0,1.0,Rejected,0.6158,High,278.78
330.9,648.0,0.356,97.0,23.0,1.0,2.0,2000.0,84.0,1.0,0.0,Rejected,0.6145,High,553.07
474.4,705.0,0.573,72.0,61.0,1.0,0.0,519.8,24.0,0.0,0.0,Rejected,0.7856,High,183.77
500.0,617.0,0.164,9.0,32.0,0.0,2.0,416.5,84.0,0.0,1.0,Manual Review,0.5604,Medium,105.03
500.0,549.0,0.414,54.0,52.0,2.0,2.0,191.7,36.0,0.0,0.0,Manual Review,0.5647,Medium,48.71
410.3,606.0,0.293,33.0,39.0,1.0,1.0,408.7,36.0,1.0,0.0,Manual Review,0.575,Medium,105.75
500.0,560.0,0.242,127.0,42.0,0.0,2.0,196.5,12.0,0.0,1.0,Manual Review,0.5527,Medium,48.87
